Workbook

Sheet Dashboard
A1: แผนพัฒนาแพลตฟอร์ม PDPA 15 โมดูล — ภาพรวม (PM / SA) | Next.js + Go
A2: สร้างจากรายการฟังก์ชัน 243 ข้อ + ผลเทียบ OneTrust + ระบบจัดการผู้ใช้และสิทธิ์ | ตัวเลขทั้งหมดคำนวณจากชีตอื่น
A4: ตัวชี้วัด | B4: ค่า
A5: จำนวน Feature ใน WBS ทั้งหมด | B5: =COUNTA(WBS!A5:A279) -> 275
A6: ฟังก์ชันจากรายการ 243 ข้อที่มีงานรองรับ | B6: =COUNTIF(Traceability!J5:J247,"✓") -> 243
A7: Feature ที่ PM/SA เพิ่ม (บริการกลาง + User & Permission) | B7: =COUNTIF(WBS!F5:F279,"เพิ่มโดย PM/SA") -> 32
A8: Must / Should / Nice-to-have | B8: =COUNTIF(WBS!G5:G279,"Must")&" / "&COUNTIF(WBS!G5:G279,"Should")&" / "&COUNTIF(WBS!G5:G279,"Nice-to-have") -> 140 / 112 / 23
A9: Feature ของระบบจัดการผู้ใช้และสิทธิ์ (Epic IAM) | B9: =COUNTIF(WBS!B5:B279,"IAM") -> 21
A10: Feature ที่ OneTrust ไม่มี (จุดต่าง) | B10: =COUNTIF(WBS!V5:V279,"ไม่มี") -> 24
A11: จำนวน Task ทั้งหมด (Task_List) | B11: =COUNTA(Task_List!A5:A1310) -> 1306
A12: Effort รวม (man-day) | B12: =Roadmap!L10 -> 4287.2
A13: Effort รวม + contingency (man-day) | B13: =Roadmap!M10 -> 4930.28
A14: ระยะเวลารวม (sprint) | B14: =Roadmap!N10 -> 32
A15: ระยะเวลารวม (เดือน โดยประมาณ) | B15: =Roadmap!S10 -> 14.7
A16: วันเริ่มโครงการ | B16: =Roadmap!Q10 -> 46328
A17: MVP go-live (สิ้นสุด P1) | B17: =Roadmap!R6 -> 46535
A18: เสร็จครบทุก Phase | B18: =Roadmap!R10 -> 46773
A19: ทีมสูงสุด (คน, ไม่รวม Legal/Doc) | B19: =MAX(SUM(Assumptions!$B$23,Assumptions!$B$24,Assumptions!$B$25,Assumptions!$B$26,Assumptions!$B$27,Assumptions!$B$28,Assumptions!$B$29),SUM(Assumptions!$C$23,Assumptions!$C$24,Assumptions!$C$25,Assumptions!$C$26,Assumptions!$C$27,Assumptions!$C$28,Assumptions!$C$29),SUM(Assumptions!$D$23,Assumptions!$D$24,Assumptions!$D$25,Assumptions!$D$26,Assumptions!$D$27,Assumptions!$D$28,Assumptions!$D$29),SUM(Assumptions!$E$23,Assumptions!$E$24,Assumptions!$E$25,Assumptions!$E$26,Assumptions!$E$27,Assumptions!$E$28,Assumptions!$E$29),SUM(Assumptions!$F$23,Assumptions!$F$24,Assumptions!$F$25,Assumptions!$F$26,Assumptions!$F$27,Assumptions!$F$28,Assumptions!$F$29)) -> 25
A20: งบตาม effort (บาท, รวม contingency) | B20: =Roadmap!T10 -> 28847808
A21: งบทีมเต็มเวลา (บาท) | B21: =Roadmap!U10 -> 44020000
A23: สรุปราย Phase
A24: Phase | B24: man-day (รวม contingency) | C24: Sprints | D24: เริ่ม | E24: สิ้นสุด | F24: งบทีมเต็มเวลา (บาท) | G24: คอขวด
A25: P0 – Foundation + User & Permission | B25: =Roadmap!M5 -> 817.535 | C25: =Roadmap!N5 -> 6 | D25: =Roadmap!Q5 -> 46328 | E25: =Roadmap!R5 -> 46409 | F25: =Roadmap!U5 -> 8205000 | G25: =Roadmap!V5 -> BE
A26: P1 – MVP กฎหมายหลัก | B26: =Roadmap!M6 -> 1604.71 | C26: =Roadmap!N6 -> 9 | D26: =Roadmap!Q6 -> 46412 | E26: =Roadmap!R6 -> 46535 | F26: =Roadmap!U6 -> 13657500 | G26: =Roadmap!V6 -> FE
A27: P2 – Governance & คู่ค้า | B27: =Roadmap!M7 -> 778.895 | C27: =Roadmap!N7 -> 5 | D27: =Roadmap!Q7 -> 46538 | E27: =Roadmap!R7 -> 46605 | F27: =Roadmap!U7 -> 6987500 | G27: =Roadmap!V7 -> FE
A28: P3 – Should | B28: =Roadmap!M8 -> 1352.86 | C28: =Roadmap!N8 -> 8 | D28: =Roadmap!Q8 -> 46608 | E28: =Roadmap!R8 -> 46717 | F28: =Roadmap!U8 -> 11180000 | G28: =Roadmap!V8 -> FE
A29: P4 – Nice-to-have + AI | B29: =Roadmap!M9 -> 376.28 | C29: =Roadmap!N9 -> 4 | D29: =Roadmap!Q9 -> 46720 | E29: =Roadmap!R9 -> 46773 | F29: =Roadmap!U9 -> 3990000 | G29: =Roadmap!V9 -> QA
A31: ข้อสังเกตของ PM / SA
A32: • บริการกลาง (Epic PLT) เป็นฐานของทุกโมดูล — workflow/SLA, form engine, document composer, versioning/approval และ audit ใช้ร่วม 10+ โมดูล จึงอยู่ใน P0 และต้นของ P1
A33: • User & Permission (Epic IAM): Keycloak ดูแล login / SSO / MFA ส่วน RBAC + ขอบเขตข้อมูลตามหน่วยงานเขียนใน Go และตรวจทุก endpoint ผ่าน x-permission ใน OpenAPI; SSO/ThaID และการปกปิด PII ดึงเข้า P1
A34: • จุดต่างจาก OneTrust ที่ควรส่งให้ถึงมือลูกค้าเร็ว: DSA/DPA generator (agreement engine เดียว), คลัง RoPA มาตรฐานภาษาไทย, wizard ประกาศ + checklist ม.23, แจ้งเหตุล่าช้า 15 วัน, data center ในไทย
A35: • ความเสี่ยงที่ต้องจัดการก่อนเริ่ม: หา tech lead Go / Next.js, PoC Keycloak multi-tenant และ ThaID, ย้าย business rule ของระบบ Consent เดิม (FSD V3.2)
A36: • ปรับกำลังคนราย phase ที่ชีต Assumptions แล้วดูคอลัมน์ 'คอขวด' และตาราง Utilization ในชีต Roadmap เพื่อหาจุดสมดุลระหว่างเวลาและงบ
A38: วิธีใช้ไฟล์
A39: • ปรับจำนวนคนราย phase อัตราค่าแรง และสัดส่วน SA/UX/QA ที่ชีต Assumptions → ระยะเวลา งบ และ timeline คำนวณใหม่อัตโนมัติ
A40: • ปรับขนาดงาน (XS-XL), Priority หรือย้าย Phase ของฟีเจอร์ที่ชีต WBS (ช่องสีเหลือง); คอลัมน์ OneTrust ช่วยจัดลำดับจุดต่าง
A41: • ชีต Task_List แตกทุกฟีเจอร์เป็นงานราย role (SA / UX / BE-Go / FE-Next.js / QA) พร้อม dependency — ใส่ Sprint และผู้รับผิดชอบได้ แล้ว import เข้า Jira
A42: • ชีต Roles_Permissions คือแบบร่าง Role (16 บทบาท), Permission matrix และนโยบายความปลอดภัย สำหรับยืนยันกับลูกค้าใน T06
A43: • ชีต Architecture มีแผนภาพ ADR และ mapping Epic → Go package / Next.js route; ชีต Traceability ยืนยันว่าฟังก์ชันทั้ง 243 ข้อมีงานรองรับ

Sheet Assumptions
A1: สมมติฐานและพารามิเตอร์การประมาณการ
A2: ช่องสีเหลืองแก้ได้ — ทุกชีตคำนวณใหม่อัตโนมัติ
A4: พารามิเตอร์ | B4: ค่า | C4: คำอธิบาย
A5: วันทำงานต่อ Sprint | B5: 10 | C5: sprint ละ 2 สัปดาห์
A6: Focus factor | B6: 0.8 | C6: สัดส่วนเวลาที่ใช้พัฒนาได้จริง (หักประชุม วันหยุด ลา)
A7: Contingency | B7: 0.15 | C7: เผื่อความไม่แน่นอนของประมาณการ
A8: SA (% ของ BE+FE) | B8: 0.12 | C8: วิเคราะห์ business rules, ERD, OpenAPI spec ต่อฟีเจอร์
A9: UX (% ของ FE เฉพาะฟีเจอร์ที่มีหน้าจอใหม่) | B9: 0.4 | C9: ใช้กับฟีเจอร์ที่ช่อง UX = Y
A10: QA (% ของ BE+FE) | B10: 0.35 | C10: test case, automated test (Go API / Playwright), regression
A11: PM: วันต่อ Sprint สำหรับงานบริหารต่อเนื่อง | B11: 3 | C11: ceremonies, status report, steering, risk / issue
A12: วันเริ่มโครงการ | B12: 46328 | C12: วันจันทร์แรกของ sprint 1
A13: DevOps: วันต่อ Sprint สำหรับงานต่อเนื่อง | B13: 5 | C13: ดูแล environment, release, monitoring, on-call (ไม่นำไปคำนวณระยะเวลา)
A14: ขนาดงาน (Size) | B14: Dev-days | C14: ตัวอย่าง
A15: XS | B15: 1 | C15: เพิ่มฟิลด์ / ปรับเล็กน้อย / ใช้บริการกลางเกือบทั้งหมด
A16: S | B16: 3 | C16: CRUD หน้าจอเดียว
A17: M | B17: 5 | C17: มี logic หรือหลายหน้าจอ
A18: L | B18: 10 | C18: ซับซ้อน มี integration หรือ engine ย่อย
A19: XL | B19: 20 | C19: engine, SDK, scanner, diagram
A20: - | B20: 0 | C20: ไม่มีงานส่วนนี้
A22: บทบาท | B22: คน P0 | C22: คน P1 | D22: คน P2 | E22: คน P3 | F22: คน P4 | G22: อัตรา (บาท/วัน) — ตัวอย่าง | H22: ใช้คำนวณระยะเวลา
A23: PM | B23: 1 | C23: 1 | D23: 1 | E23: 1 | F23: 1 | G23: 7000 | H23: ไม่ (ทำคู่ขนาน)
A24: SA | B24: 3 | C24: 2 | D24: 2 | E24: 2 | F24: 1 | G24: 7000 | H24: ใช่ (คอขวด)
A25: UX/UI | B25: 2 | C25: 2 | D25: 1 | E25: 1 | F25: 1 | G25: 5500 | H25: ใช่ (คอขวด)
A26: Backend (Go) | B26: 6 | C26: 7 | D26: 7 | E26: 7 | F26: 5 | G26: 6500 | H26: ใช่ (คอขวด)
A27: Frontend (Next.js) | B27: 4 | C27: 6 | D27: 6 | E27: 6 | F27: 4 | G27: 5500 | H27: ใช่ (คอขวด)
A28: QA | B28: 4 | C28: 5 | D28: 5 | E28: 5 | F28: 3 | G28: 4500 | H28: ใช่ (คอขวด)
A29: DevOps | B29: 2 | C29: 2 | D29: 1 | E29: 1 | F29: 1 | G29: 6500 | H29: ใช่ (คอขวด)
A30: Legal/DPO | B30: 0.5 | C30: 0.5 | D30: 0.5 | E30: 0.5 | F30: 0.5 | G30: 8000 | H30: ไม่ (ทำคู่ขนาน)
A31: Technical writer | B31: 0.5 | C31: 0.5 | D31: 0.5 | E31: 0.5 | F31: 0.5 | G31: 3500 | H31: ไม่ (ทำคู่ขนาน)
A32: กำลังคนปรับได้ราย phase (ramp-up / ramp-down) — PM, Legal/DPO และ Doc ไม่ใช้คำนวณระยะเวลาแต่ใช้คำนวณงบ
A34: สมมติฐานและนอกขอบเขต
A35: • Stack: Next.js (App Router, TypeScript) สำหรับ admin และ portal; Go (modular monolith) + worker สำหรับ backend; PostgreSQL; Keycloak สำหรับ login/SSO/MFA; Valkey; object storage แบบ S3 — ฐานข้อมูลและ IdP เป็นสมมติฐานที่ปรับได้
A36: • ระบบ Consent เดิม (.NET + Blazor) ใช้เป็นต้นแบบ domain model และ test case ตาม FSD V3.2 แต่เขียนใหม่ด้วย Go; ย้ายข้อมูลเดิมผ่าน CON-22 และ T26
A37: • ฟังก์ชันทั้ง 243 ข้อจากไฟล์ 15 โมดูลอยู่ใน WBS ด้วยรหัสเดิม; ฟังก์ชันผู้ใช้และสิทธิ์ ORG-09 ถึง ORG-19 ย้ายมาอยู่ Epic IAM; PLT-xx และ IAM-xx คือ feature ที่ PM/SA เพิ่มเพื่อให้สร้างได้จริง
A38: • หน่วยประมาณการคือ man-day; BE/FE รวม unit test แล้ว; SA, UX, QA คิดเป็นสัดส่วนของงาน dev ตามพารามิเตอร์ด้านบน
A39: • ระยะเวลาต่อ phase คำนวณจากบทบาทที่เป็นคอขวด (SA, UX, BE, FE, QA, DevOps) โดยไม่รวม PM, Legal, Doc ซึ่งทำงานคู่ขนาน
A40: • งานใน phase เดียวกันทำคู่ขนานได้ แต่ phase ถัดไปเริ่มหลัง phase ก่อนหน้าเสร็จ (แผนแบบอนุรักษ์) — ในทางปฏิบัติเริ่มวิเคราะห์ phase ถัดไปได้เร็วกว่านี้
A41: • เนื้อหากฎหมาย (template, คลังกิจกรรม, clause) จัดทำโดยบทบาท Legal/DPO ใน T15, T34, T40 — ระบบให้เฉพาะกลไก
A42: • ไม่รวม: ค่า cloud / hardware, ค่า pentest ภายนอก, ค่าที่ปรึกษากฎหมาย, ค่าบริการ e-signature / SMS / LLM, แอปมือถือเต็มรูปแบบ (มีเฉพาะ SDK), support 24x7
A43: • Mobile SDK (CON-07) ต้องใช้นักพัฒนา iOS / Android ซึ่งอยู่นอกทีม Next.js / Go — ประมาณการเป็นงาน FE และอาจจ้างภายนอก
A44: • อัตราค่าแรงเป็นตัวอย่างเพื่อคำนวณงบประมาณเท่านั้น ควรแทนด้วยอัตราจริงขององค์กร
A45: • Sprint ยาว 2 สัปดาห์; วันหยุดนักขัตฤกษ์สะท้อนผ่าน focus factor

Sheet WBS
A1: WBS — Epic / Feature พร้อมประมาณการ (man-day)
A2: ช่องสีเหลือง (Priority, Phase, ขนาดงาน BE/FE, UX) แก้ได้ | SA/UX/QA คำนวณจากสัดส่วนในชีต Assumptions | คอลัมน์ OneTrust มาจากไฟล์เปรียบเทียบ 15 โมดูล (สีแดง = จุดต่าง)
A4: ID | B4: Epic | C4: ชื่อ Epic | D4: ฟีเจอร์ (TH) | E4: Feature (EN) | F4: ที่มา / อ้างอิง | G4: Priority | H4: Phase | I4: งาน Backend (Go) | J4: งาน Frontend (Next.js) | K4: เกณฑ์การยอมรับ (AC) | L4: ขึ้นกับ | M4: BE size | N4: FE size | O4: UX | P4: BE (วัน) | Q4: FE (วัน) | R4: SA (วัน) | S4: UX (วัน) | T4: QA (วัน) | U4: รวม (วัน) | V4: OneTrust | W4: หมายเหตุ
A5: PLT-01 | B5: PLT | C5: โครงสร้างพื้นฐานแพลตฟอร์ม (Platform Foundation) | D5: โครงระบบ Go modular monolith + Next.js monorepo | E5: Solution skeleton | F5: เพิ่มโดย PM/SA | G5: Must | H5: P0 | I5: โครง backend/internal/<module>, chi router + oapi-codegen (OpenAPI-first), pgx + sqlc, goose migration, config, error model RFC 9457, health/readiness, graceful shutdown; binary api / worker / scanner | J5: Turborepo + pnpm: apps/admin, apps/portal (App Router, TypeScript), packages/ui (shadcn/ui + Tailwind), api-client generate จาก OpenAPI, layout และเมนูตามสิทธิ์ | K5: สร้างโมดูลใหม่จาก template ได้ภายใน 1 วัน; แก้ OpenAPI แล้ว Go stub และ TS client generate ใน CI | L5: T04, T05 | M5: L | N5: M | O5: N | P5: =IFERROR(VLOOKUP($M5,Assumptions!$A$15:$B$20,2,FALSE()),0) -> 10 | Q5: =IFERROR(VLOOKUP($N5,Assumptions!$A$15:$B$20,2,FALSE()),0) -> 5 | R5: =ROUND((P5+Q5)*Assumptions!$B$8,1) -> 1.8 | S5: =IF($O5="Y",ROUND(Q5*Assumptions!$B$9,1),0) -> 0 | T5: =ROUND((P5+Q5)*Assumptions!$B$10,1) -> 5.3 | U5: =SUM(P5:T5) -> 22.1 | V5: -
A6: PLT-02 | B6: PLT | C6: โครงสร้างพื้นฐานแพลตฟอร์ม (Platform Foundation) | D6: Multi-tenant และการแยกข้อมูล | E6: Multi-tenancy & isolation | F6: เพิ่มโดย PM/SA | G6: Must | H6: P0 | I6: tenant registry, resolver จาก subdomain / custom domain / token, tenant_id ทุกตาราง + PostgreSQL RLS (SET app.tenant_id ต่อ transaction), provisioning (master data, role มาตรฐาน), โหมด DB แยกต่อ tenant | J6: tenant context ใน middleware ของ Next.js, custom domain ของ portal | K6: ผู้ใช้ tenant A เข้าถึงข้อมูล tenant B ไม่ได้แม้เรียก API ตรง (automated test ทุก endpoint) | L6: PLT-01 | M6: L | N6: S | O6: N | P6: =IFERROR(VLOOKUP($M6,Assumptions!$A$15:$B$20,2,FALSE()),0) -> 10 | Q6: =IFERROR(VLOOKUP($N6,Assumptions!$A$15:$B$20,2,FALSE()),0) -> 3 | R6: =ROUND((P6+Q6)*Assumptions!$B$8,1) -> 1.6 | S6: =IF($O6="Y",ROUND(Q6*Assumptions!$B$9,1),0) -> 0 | T6: =ROUND((P6+Q6)*Assumptions!$B$10,1) -> 4.6 | U6: =SUM(P6:T6) -> 19.2 | V6: -
A7: PLT-03 | B7: PLT | C7: โครงสร้างพื้นฐานแพลตฟอร์ม (Platform Foundation) | D7: ระบบหลายภาษา TH/EN | E7: Localization (i18n) | F7: เพิ่มโดย PM/SA | G7: Must | H7: P0 | I7: ตาราง translation สำหรับเนื้อหาที่ผู้ใช้สร้าง (ข้อความยินยอม ประกาศ template), Accept-Language, fallback | J7: next-intl ข้อความ UI TH/EN, วันที่ พ.ศ. / ค.ศ., เขตเวลา Asia/Bangkok, ฟอนต์ไทย | K7: ทุกหน้าสลับ TH/EN ได้ และวันที่แสดง พ.ศ. ตามการตั้งค่า | L7: PLT-01 | M7: S | N7: M | O7: N | P7: =IFERROR(VLOOKUP($M7,Assumptions!$A$15:$B$20,2,FALSE()),0) -> 3 | Q7: =IFERROR(VLOOKUP($N7,Assumptions!$A$15:$B$20,2,FALSE()),0) -> 5 | R7: =ROUND((P7+Q7)*Assumptions!$B$8,1) -> 1 | S7: =IF($O7="Y",ROUND(Q7*Assumptions!$B$9,1),0) -> 0 | T7: =ROUND((P7+Q7)*Assumptions!$B$10,1) -> 2.8 | U7: =SUM(P7:T7) -> 11.8 | V7: -
A8: PLT-04 | B8: PLT | C8: โครงสร้างพื้นฐานแพลตฟอร์ม (Platform Foundation) | D8: บริการแจ้งเตือน Email / SMS / LINE / In-app | E8: Notification service | F8: เพิ่มโดย PM/SA | G8: Must | H8: P0 | I8: template มีตัวแปร (TH/EN), adapter SMTP/SES, SMS gateway ไทย, LINE Messaging API, in-app ผ่าน SSE, ส่งผ่าน River + retry, delivery log, quiet hours | J8: หน้าจัดการ template พร้อม preview, กระดิ่งแจ้งเตือนใน admin, หน้าสถานะการส่ง | K8: ส่งล้มเหลวมี retry อัตโนมัติ และตรวจสถานะรายข้อความได้ | L8: PLT-10 | M8: L | N8: M | O8: Y | P8: =IFERROR(VLOOKUP($M8,Assumptions!$A$15:$B$20,2,FALSE()),0) -> 10 | Q8: =IFERROR(VLOOKUP($N8,Assumptions!$A$15:$B$20,2,FALSE()),0) -> 5 | R8: =ROUND((P8+Q8)*Assumptions!$B$8,1) -> 1.8 | S8: =IF($O8="Y",ROUND(Q8*Assumptions!$B$9,1),0) -> 2 | T8: =ROUND((P8+Q8)*Assumptions!$B$10,1) -> 5.3 | U8: =SUM(P8:T8) -> 24.1 | V8: -
A9: PLT-05 | B9: PLT | C9: โครงสร้างพื้นฐานแพลตฟอร์ม (Platform Foundation) | D9: Workflow & SLA engine | E9: Workflow / SLA engine | F9: เพิ่มโดย PM/SA | G9: Must | H9: P0 | I9: state machine กำหนดได้ต่อ tenant (JSON definition), มอบหมายคน/กลุ่ม, SLA timer แบบวันปฏิทิน / วันทำการ / ชั่วโมง พร้อมวันหยุดไทย, reminder และ escalation ด้วย River scheduled job, comment, history | J9: component กระดานงาน, timeline, ป้าย SLA, หน้าตั้งค่า workflow แบบฟอร์ม | K9: นับ SLA ถูกต้องเมื่อข้ามวันหยุด และแจ้งเตือนก่อนครบกำหนดตามที่ตั้ง (unit test ครอบคลุมกรณีข้ามวันหยุด) | L9: PLT-10, ORG-20 | M9: XL | N9: M | O9: Y | P9: =IFERROR(VLOOKUP($M9,Assumptions!$A$15:$B$20,2,FALSE()),0) -> 20 | Q9: =IFERROR(VLOOKUP($N9,Assumptions!$A$15:$B$20,2,FALSE()),0) -> 5 | R9: =ROUND((P9+Q9)*Assumptions!$B$8,1) -> 3 | S9: =IF($O9="Y",ROUND(Q9*Assumptions!$B$9,1),0) -> 2 | T9: =ROUND((P9+Q9)*Assumptions!$B$10,1) -> 8.8 | U9: =SUM(P9:T9) -> 38.8 | V9: - | W9: บริการกลางที่ DSAR, Breach, DPIA, Vendor และ Tasks ใช้
A10: PLT-06 | B10: PLT | C10: โครงสร้างพื้นฐานแพลตฟอร์ม (Platform Foundation) | D10: Form & assessment engine | E10: Dynamic form & assessment engine | F10: เพิ่มโดย PM/SA | G10: Must | H10: P0 | I10: form schema มีเวอร์ชัน (JSON), ประเภทคำถาม, conditional logic, คะแนน/น้ำหนัก, validation ฝั่ง server, คำตอบ JSONB, มอบหมายผู้ตอบรายส่วน | J10: Form builder ลากวาง (dnd-kit) + renderer ใช้ร่วม admin และ portal (react-hook-form + zod), preview หลายภาษา | K10: สร้างแบบประเมินที่มีเงื่อนไขซ่อน/แสดงและคิดคะแนนได้โดยไม่เขียนโค้ด; ทุกโมดูลใช้ renderer เดียวกัน | L10: PLT-01 | M10: L | N10: XL | O10: Y | P10: =IFERROR(VLOOKUP($M10,Assumptions!$A$15:$B$20,2,FALSE()),0) -> 10 | Q10: =IFERROR(VLOOKUP($N10,Assumptions!$A$15:$B$20,2,FALSE()),0) -> 20 | R10: =ROUND((P10+Q10)*Assumptions!$B$8,1) -> 3.6 | S10: =IF($O10="Y",ROUND(Q10*Assumptions!$B$9,1),0) -> 8 | T10: =ROUND((P10+Q10)*Assumptions!$B$10,1) -> 10.5 | U10: =SUM(P10:T10) -> 52.1 | V10: - | W10: ใช้ร่วม: ฟอร์มความยินยอม, คำขอใช้สิทธิ, แจ้งเหตุ, DPIA, คู่ค้า, RoPA, checklist
A11: PLT-07 | B11: PLT | C11: โครงสร้างพื้นฐานแพลตฟอร์ม (Platform Foundation) | D11: ความเห็น ไฟล์แนบ และไทม์ไลน์กิจกรรม | E11: Collaboration components | F11: เพิ่มโดย PM/SA | G11: Must | H11: P0 | I11: comment + @mention, ไฟล์แนบ, activity feed ต่อ record แบบ polymorphic, แจ้งเตือนผู้เกี่ยวข้อง | J11: component ความเห็น / ไฟล์แนบ / ไทม์ไลน์ ใช้ร่วมทุกโมดูล | K11: ทุกโมดูลใช้ component เดียวกัน และการ mention ส่งแจ้งเตือน | L11: PLT-09, PLT-12 | M11: M | N11: M | O11: Y | P11: =IFERROR(VLOOKUP($M11,Assumptions!$A$15:$B$20,2,FALSE()),0) -> 5 | Q11: =IFERROR(VLOOKUP($N11,Assumptions!$A$15:$B$20,2,FALSE()),0) -> 5 | R11: =ROUND((P11+Q11)*Assumptions!$B$8,1) -> 1.2 | S11: =IF($O11="Y",ROUND(Q11*Assumptions!$B$9,1),0) -> 2 | T11: =ROUND((P11+Q11)*Assumptions!$B$10,1) -> 3.5 | U11: =SUM(P11:T11) -> 16.7 | V11: -
A12: PLT-08 | B12: PLT | C12: โครงสร้างพื้นฐานแพลตฟอร์ม (Platform Foundation) | D12: เวอร์ชันและการอนุมัติ | E12: Versioning & approval framework | F12: เพิ่มโดย PM/SA | G12: Must | H12: P0 | I12: snapshot + diff ของ record, สถานะ ร่าง → รอตรวจ → อนุมัติ → เผยแพร่, ผู้อนุมัติหลายระดับ, maker-checker | J12: แถบสถานะเวอร์ชัน, หน้าเปรียบเทียบเวอร์ชัน, กล่องงานรออนุมัติ | K12: record ที่เผยแพร่แล้วแก้ไม่ได้ต้องสร้างเวอร์ชันใหม่; ผู้สร้างอนุมัติงานของตนเองไม่ได้ | L12: PLT-05, PLT-07 | M12: M | N12: M | O12: Y | P12: =IFERROR(VLOOKUP($M12,Assumptions!$A$15:$B$20,2,FALSE()),0) -> 5 | Q12: =IFERROR(VLOOKUP($N12,Assumptions!$A$15:$B$20,2,FALSE()),0) -> 5 | R12: =ROUND((P12+Q12)*Assumptions!$B$8,1) -> 1.2 | S12: =IF($O12="Y",ROUND(Q12*Assumptions!$B$9,1),0) -> 2 | T12: =ROUND((P12+Q12)*Assumptions!$B$10,1) -> 3.5 | U12: =SUM(P12:T12) -> 16.7 | V12: -
A13: PLT-09 | B13: PLT | C13: โครงสร้างพื้นฐานแพลตฟอร์ม (Platform Foundation) | D13: จัดเก็บไฟล์และสแกนไวรัส | E13: File storage & AV scan | F13: เพิ่มโดย PM/SA | G13: Must | H13: P0 | I13: S3 API (S3 / SeaweedFS / MinIO), เข้ารหัส, ClamAV, จำกัดชนิดและขนาด, pre-signed URL หมดอายุ, อายุไฟล์ | J13: component อัปโหลด / ดาวน์โหลด (ลากวาง, progress) | K13: ไฟล์ติดไวรัสถูกปฏิเสธ และลิงก์ดาวน์โหลดหมดอายุตามเวลาที่ตั้ง | L13: PLT-01 | M13: M | N13: S | O13: N | P13: =IFERROR(VLOOKUP($M13,Assumptions!$A$15:$B$20,2,FALSE()),0) -> 5 | Q13: =IFERROR(VLOOKUP($N13,Assumptions!$A$15:$B$20,2,FALSE()),0) -> 3 | R13: =ROUND((P13+Q13)*Assumptions!$B$8,1) -> 1 | S13: =IF($O13="Y",ROUND(Q13*Assumptions!$B$9,1),0) -> 0 | T13: =ROUND((P13+Q13)*Assumptions!$B$10,1) -> 2.8 | U13: =SUM(P13:T13) -> 11.8 | V13: -
A14: PLT-10 | B14: PLT | C14: โครงสร้างพื้นฐานแพลตฟอร์ม (Platform Foundation) | D14: Background jobs และ scheduler | E14: Job queue & scheduler | F14: เพิ่มโดย PM/SA | G14: Must | H14: P0 | I14: River (job queue บน PostgreSQL): enqueue ใน transaction เดียวกับข้อมูล, retry/backoff, periodic job (cron), unique job, graceful shutdown ใน worker | J14: หน้าดูสถานะ job สำหรับผู้ดูแลระบบ | K14: job ที่ล้มเหลวมี retry และแจ้งเตือน; ไม่มี job ซ้ำเมื่อรันหลาย instance | L14: PLT-01 | M14: M | N14: S | O14: N | P14: =IFERROR(VLOOKUP($M14,Assumptions!$A$15:$B$20,2,FALSE()),0) -> 5 | Q14: =IFERROR(VLOOKUP($N14,Assumptions!$A$15:$B$20,2,FALSE()),0) -> 3 | R14: =ROUND((P14+Q14)*Assumptions!$B$8,1) -> 1 | S14: =IF($O14="Y",ROUND(Q14*Assumptions!$B$9,1),0) -> 0 | T14: =ROUND((P14+Q14)*Assumptions!$B$10,1) -> 2.8 | U14: =SUM(P14:T14) -> 11.8 | V14: -
A15: PLT-11 | B15: PLT | C15: โครงสร้างพื้นฐานแพลตฟอร์ม (Platform Foundation) | D15: Domain events และ outbox | E15: Domain events & outbox | F15: เพิ่มโดย PM/SA | G15: Must | H15: P0 | I15: transactional outbox, event catalog (consent.changed, ropa.updated, dsar.closed ฯลฯ), subscriber ภายใน, ส่งต่อ webhook / NATS | J15: - | K15: event ไม่สูญหายเมื่อระบบล่มกลางคัน (at-least-once + idempotent consumer) | L15: PLT-10 | M15: M | N15: - | O15: N | P15: =IFERROR(VLOOKUP($M15,Assumptions!$A$15:$B$20,2,FALSE()),0) -> 5 | Q15: =IFERROR(VLOOKUP($N15,Assumptions!$A$15:$B$20,2,FALSE()),0) -> 0 | R15: =ROUND((P15+Q15)*Assumptions!$B$8,1) -> 0.6 | S15: =IF($O15="Y",ROUND(Q15*Assumptions!$B$9,1),0) -> 0 | T15: =ROUND((P15+Q15)*Assumptions!$B$10,1) -> 1.8 | U15: =SUM(P15:T15) -> 7.4 | V15: - | W15: ใช้เชื่อมโมดูลกัน เช่น ROPA-19, DSAR-21, DFG-02
A16: PLT-12 | B16: PLT | C16: โครงสร้างพื้นฐานแพลตฟอร์ม (Platform Foundation) | D16: โครงสร้าง Audit log | E16: Tamper-evident audit log | F16: เพิ่มโดย PM/SA | G16: Must | H16: P0 | I16: event แบบ append-only + hash chain ต่อ tenant, before/after (JSON diff), ผู้ทำ, IP, user agent, partition รายเดือน, นโยบายระยะเวลาเก็บ | J16: - | K16: แก้ log ย้อนหลังแล้วการตรวจ hash chain ล้มเหลว | L16: PLT-01 | M16: M | N16: - | O16: N | P16: =IFERROR(VLOOKUP($M16,Assumptions!$A$15:$B$20,2,FALSE()),0) -> 5 | Q16: =IFERROR(VLOOKUP($N16,Assumptions!$A$15:$B$20,2,FALSE()),0) -> 0 | R16: =ROUND((P16+Q16)*Assumptions!$B$8,1) -> 0.6 | S16: =IF($O16="Y",ROUND(Q16*Assumptions!$B$9,1),0) -> 0 | T16: =ROUND((P16+Q16)*Assumptions!$B$10,1) -> 1.8 | U16: =SUM(P16:T16) -> 7.4 | V16: - | W16: หน้าดู log คือ ORG-19
A17: PLT-13 | B17: PLT | C17: โครงสร้างพื้นฐานแพลตฟอร์ม (Platform Foundation) | D17: เข้ารหัสข้อมูลส่วนบุคคลระดับฟิลด์ | E17: PII encryption & key management | F17: เพิ่มโดย PM/SA | G17: Must | H17: P0 | I17: envelope encryption (DEK ต่อ tenant, KEK ใน KMS / OpenBao Transit), blind index (HMAC) สำหรับค้นหาอีเมล / เบอร์ / เลขบัตร, key rotation | J17: - | K17: identifier ในฐานข้อมูลอ่านไม่ออกถ้าไม่มี key แต่ยังค้นหาแบบตรงตัวได้ | L17: PLT-01 | M17: M | N17: - | O17: N | P17: =IFERROR(VLOOKUP($M17,Assumptions!$A$15:$B$20,2,FALSE()),0) -> 5 | Q17: =IFERROR(VLOOKUP($N17,Assumptions!$A$15:$B$20,2,FALSE()),0) -> 0 | R17: =ROUND((P17+Q17)*Assumptions!$B$8,1) -> 0.6 | S17: =IF($O17="Y",ROUND(Q17*Assumptions!$B$9,1),0) -> 0 | T17: =ROUND((P17+Q17)*Assumptions!$B$10,1) -> 1.8 | U17: =SUM(P17:T17) -> 7.4 | V17: -
A18: PLT-14 | B18: PLT | C18: โครงสร้างพื้นฐานแพลตฟอร์ม (Platform Foundation) | D18: Import framework (Excel / CSV) | E18: Bulk import framework | F18: เพิ่มโดย PM/SA | G18: Must | H18: P0 | I18: import แบบ async: อ่าน Excel/CSV (excelize), map คอลัมน์, validate ทีละแถว, dry-run, รายงานข้อผิดพลาด, rollback | J18: wizard นำเข้า: อัปโหลด → map คอลัมน์ → ตรวจ → ยืนยัน | K18: นำเข้า 50,000 แถวได้ และได้ไฟล์รายงานแถวที่ผิดพร้อมเหตุผล | L18: PLT-10 | M18: M | N18: M | O18: Y | P18: =IFERROR(VLOOKUP($M18,Assumptions!$A$15:$B$20,2,FALSE()),0) -> 5 | Q18: =IFERROR(VLOOKUP($N18,Assumptions!$A$15:$B$20,2,FALSE()),0) -> 5 | R18: =ROUND((P18+Q18)*Assumptions!$B$8,1) -> 1.2 | S18: =IF($O18="Y",ROUND(Q18*Assumptions!$B$9,1),0) -> 2 | T18: =ROUND((P18+Q18)*Assumptions!$B$10,1) -> 3.5 | U18: =SUM(P18:T18) -> 16.7 | V18: - | W18: ใช้ร่วม ORG-08, ORG-09, ROPA-18, CON-22
A19: PLT-15 | B19: PLT | C19: โครงสร้างพื้นฐานแพลตฟอร์ม (Platform Foundation) | D19: Public API, webhook และ developer portal | E19: Public API & webhooks | F19: เพิ่มโดย PM/SA | G19: Must | H19: P0 | I19: versioning /v1, OpenAPI 3.1 + เอกสาร, rate limit ต่อ client (Valkey), idempotency key, webhook subscription + HMAC signature + retry / dead-letter | J19: หน้า developer: เอกสาร API, จัดการ webhook และดู delivery log | K19: client เกิน rate limit ได้ 429; webhook ที่ล้มเหลวถูกส่งซ้ำตามนโยบาย | L19: ORG-16, PLT-11 | M19: M | N19: S | O19: N | P19: =IFERROR(VLOOKUP($M19,Assumptions!$A$15:$B$20,2,FALSE()),0) -> 5 | Q19: =IFERROR(VLOOKUP($N19,Assumptions!$A$15:$B$20,2,FALSE()),0) -> 3 | R19: =ROUND((P19+Q19)*Assumptions!$B$8,1) -> 1 | S19: =IF($O19="Y",ROUND(Q19*Assumptions!$B$9,1),0) -> 0 | T19: =ROUND((P19+Q19)*Assumptions!$B$10,1) -> 2.8 | U19: =SUM(P19:T19) -> 11.8 | V19: -
A20: PLT-16 | B20: PLT | C20: โครงสร้างพื้นฐานแพลตฟอร์ม (Platform Foundation) | D20: Document composer (template + clause + merge field) | E20: Document composer | F20: เพิ่มโดย PM/SA | G20: Must | H20: P1 | I20: เก็บเอกสารเป็นโครงสร้าง (ProseMirror JSON) + merge field จากองค์กร / RoPA / คู่ค้า, คลัง clause มีเวอร์ชัน, render HTML → PDF ผ่าน Gotenberg (ฟอนต์ไทย) และสร้าง DOCX, diff ระหว่างเวอร์ชัน | J20: editor แบบ TipTap: บล็อก clause, merge field, สารบัญ, preview TH/EN, เปรียบเทียบเวอร์ชัน | K20: เอกสารภาษาไทยส่งออก PDF / Word ได้ตัวอักษรถูกต้อง และเปรียบเทียบสองเวอร์ชันได้ | L20: PLT-06, PLT-08 | M20: L | N20: L | O20: Y | P20: =IFERROR(VLOOKUP($M20,Assumptions!$A$15:$B$20,2,FALSE()),0) -> 10 | Q20: =IFERROR(VLOOKUP($N20,Assumptions!$A$15:$B$20,2,FALSE()),0) -> 10 | R20: =ROUND((P20+Q20)*Assumptions!$B$8,1) -> 2.4 | S20: =IF($O20="Y",ROUND(Q20*Assumptions!$B$9,1),0) -> 4 | T20: =ROUND((P20+Q20)*Assumptions!$B$10,1) -> 7 | U20: =SUM(P20:T20) -> 33.4 | V20: - | W20: ต้องเสร็จใน 2 sprint แรกของ P1; ใช้ร่วมประกาศ, หนังสือตอบคำขอ, แบบแจ้ง สคส., DPA, DSA
A21: PLT-17 | B21: PLT | C21: โครงสร้างพื้นฐานแพลตฟอร์ม (Platform Foundation) | D21: Public portal framework | E21: Public portal framework | F21: เพิ่มโดย PM/SA | G21: Must | H21: P1 | I21: route สาธารณะแยก, CAPTCHA, session ของเจ้าของข้อมูล (OTP / magic link), CSP และ rate limit | J21: apps/portal: theme ตามแบรนด์ tenant, custom domain, ISR/caching, WCAG 2.1 AA, TH/EN | K21: หน้า portal หลักผ่านการตรวจ accessibility ระดับ AA และโหลดเสร็จภายใน 2 วินาทีบน 4G | L21: PLT-02, IAM-05 | M21: M | N21: L | O21: Y | P21: =IFERROR(VLOOKUP($M21,Assumptions!$A$15:$B$20,2,FALSE()),0) -> 5 | Q21: =IFERROR(VLOOKUP($N21,Assumptions!$A$15:$B$20,2,FALSE()),0) -> 10 | R21: =ROUND((P21+Q21)*Assumptions!$B$8,1) -> 1.8 | S21: =IF($O21="Y",ROUND(Q21*Assumptions!$B$9,1),0) -> 4 | T21: =ROUND((P21+Q21)*Assumptions!$B$10,1) -> 5.3 | U21: =SUM(P21:T21) -> 26.1 | V21: -
A22: PLT-18 | B22: PLT | C22: โครงสร้างพื้นฐานแพลตฟอร์ม (Platform Foundation) | D22: Dashboard & report framework | E22: Reporting framework | F22: เพิ่มโดย PM/SA | G22: Must | H22: P1 | I22: query / aggregate API กรองตามสิทธิ์, export CSV / Excel (excelize) / PDF แบบ async + ศูนย์ดาวน์โหลด, ตั้งเวลาส่งรายงาน | J22: widget dashboard ปรับได้ (ECharts), ตัวกรองร่วม, data table (TanStack Table) + ปุ่ม export | K22: export 100,000 แถวแบบ async และแจ้งเมื่อไฟล์พร้อม; ตัวเลขตรงกับข้อมูลที่ผู้ใช้มีสิทธิ์เห็น | L22: PLT-10, IAM-02 | M22: L | N22: L | O22: Y | P22: =IFERROR(VLOOKUP($M22,Assumptions!$A$15:$B$20,2,FALSE()),0) -> 10 | Q22: =IFERROR(VLOOKUP($N22,Assumptions!$A$15:$B$20,2,FALSE()),0) -> 10 | R22: =ROUND((P22+Q22)*Assumptions!$B$8,1) -> 2.4 | S22: =IF($O22="Y",ROUND(Q22*Assumptions!$B$9,1),0) -> 4 | T22: =ROUND((P22+Q22)*Assumptions!$B$10,1) -> 7 | U22: =SUM(P22:T22) -> 33.4 | V22: -
A23: PLT-19 | B23: PLT | C23: โครงสร้างพื้นฐานแพลตฟอร์ม (Platform Foundation) | D23: Observability | E23: Observability | F23: เพิ่มโดย PM/SA | G23: Should | H23: P1 | I23: OpenTelemetry (trace / metric / log) ใน Go, Prometheus + Grafana + Loki, alert rules | J23: instrument Next.js (server + web vitals) | K23: มี dashboard สุขภาพระบบ และแจ้งเตือนเมื่อ error rate หรือ latency เกินเกณฑ์ | L23: PLT-01 | M23: S | N23: S | O23: N | P23: =IFERROR(VLOOKUP($M23,Assumptions!$A$15:$B$20,2,FALSE()),0) -> 3 | Q23: =IFERROR(VLOOKUP($N23,Assumptions!$A$15:$B$20,2,FALSE()),0) -> 3 | R23: =ROUND((P23+Q23)*Assumptions!$B$8,1) -> 0.7 | S23: =IF($O23="Y",ROUND(Q23*Assumptions!$B$9,1),0) -> 0 | T23: =ROUND((P23+Q23)*Assumptions!$B$10,1) -> 2.1 | U23: =SUM(P23:T23) -> 8.8 | V23: - | W23: ดึงเข้า P1 เพื่อพร้อม go-live
A24: PLT-20 | B24: PLT | C24: โครงสร้างพื้นฐานแพลตฟอร์ม (Platform Foundation) | D24: Connector framework | E24: Connector framework | F24: เพิ่มโดย PM/SA | G24: Should | H24: P3 | I24: Connector SDK ใน Go (test, discover, search subject, update / delete), credential เข้ารหัส, ตั้งเวลา; ชุดแรก PostgreSQL, MySQL, SQL Server, REST ทั่วไป | J24: หน้าจัดการ connector + ปุ่มทดสอบการเชื่อมต่อ | K24: เพิ่ม connector ใหม่ได้โดยไม่แก้โมดูลหลัก และทดสอบการเชื่อมต่อจากหน้าจอได้ | L24: PLT-11 | M24: L | N24: M | O24: Y | P24: =IFERROR(VLOOKUP($M24,Assumptions!$A$15:$B$20,2,FALSE()),0) -> 10 | Q24: =IFERROR(VLOOKUP($N24,Assumptions!$A$15:$B$20,2,FALSE()),0) -> 5 | R24: =ROUND((P24+Q24)*Assumptions!$B$8,1) -> 1.8 | S24: =IF($O24="Y",ROUND(Q24*Assumptions!$B$9,1),0) -> 2 | T24: =ROUND((P24+Q24)*Assumptions!$B$10,1) -> 5.3 | U24: =SUM(P24:T24) -> 24.1 | V24: - | W24: ใช้ร่วม DSAR-09, DSAR-12, DFG-09, DPX-13
A25: PLT-21 | B25: PLT | C25: โครงสร้างพื้นฐานแพลตฟอร์ม (Platform Foundation) | D25: ค้นหาข้ามระบบ | E25: Global search | F25: เพิ่มโดย PM/SA | G25: Should | H25: P3 | I25: ค้นหาข้าม entity ด้วย PostgreSQL pg_trgm (รองรับภาษาไทย) กรองตามสิทธิ์; ทางเลือก OpenSearch + Thai analyzer เมื่อข้อมูลโต | J25: ช่องค้นหากลาง (Cmd+K) + ผลลัพธ์แยกประเภท | K25: ผลค้นหาไม่แสดงข้อมูลที่ผู้ใช้ไม่มีสิทธิ์ | L25: IAM-02 | M25: M | N25: S | O25: N | P25: =IFERROR(VLOOKUP($M25,Assumptions!$A$15:$B$20,2,FALSE()),0) -> 5 | Q25: =IFERROR(VLOOKUP($N25,Assumptions!$A$15:$B$20,2,FALSE()),0) -> 3 | R25: =ROUND((P25+Q25)*Assumptions!$B$8,1) -> 1 | S25: =IF($O25="Y",ROUND(Q25*Assumptions!$B$9,1),0) -> 0 | T25: =ROUND((P25+Q25)*Assumptions!$B$10,1) -> 2.8 | U25: =SUM(P25:T25) -> 11.8 | V25: -
A26: PLT-22 | B26: PLT | C26: โครงสร้างพื้นฐานแพลตฟอร์ม (Platform Foundation) | D26: AI gateway | E26: AI gateway | F26: เพิ่มโดย PM/SA | G26: Nice-to-have | H26: P4 | I26: abstraction ผู้ให้บริการ LLM (API หรือ on-prem ผ่าน vLLM), ปกปิด PII ก่อนส่ง, prompt template มีเวอร์ชัน, โควตา / ค่าใช้จ่ายต่อ tenant, log เพื่อ audit, RAG ด้วย pgvector | J26: หน้าตั้งค่า AI ต่อ tenant (เปิด/ปิด, เลือก provider), ป้าย 'AI แนะนำ' + ปุ่มยืนยัน | K26: เมื่อเปิดโหมดปกปิด ไม่มีข้อมูลระบุตัวตนถูกส่งออกนอกระบบ; ผลจาก AI ต้องมีคนยืนยันก่อนบันทึก | L26: PLT-13 | M26: M | N26: S | O26: N | P26: =IFERROR(VLOOKUP($M26,Assumptions!$A$15:$B$20,2,FALSE()),0) -> 5 | Q26: =IFERROR(VLOOKUP($N26,Assumptions!$A$15:$B$20,2,FALSE()),0) -> 3 | R26: =ROUND((P26+Q26)*Assumptions!$B$8,1) -> 1 | S26: =IF($O26="Y",ROUND(Q26*Assumptions!$B$9,1),0) -> 0 | T26: =ROUND((P26+Q26)*Assumptions!$B$10,1) -> 2.8 | U26: =SUM(P26:T26) -> 11.8 | V26: - | W26: ใช้ร่วม DPIA-18, RTG-13, VEN-15, BRE-17, DPX-11
A27: IAM-01 | B27: IAM | C27: ระบบจัดการผู้ใช้และสิทธิ์ (User & Permission) | D27: Identity provider และ login flow | E27: Identity provider & login flow | F27: เพิ่มโดย PM/SA | G27: Must | H27: P0 | I27: ติดตั้ง Keycloak (HA), realm / Organizations ต่อ tenant, client ของ admin และ portal, Go middleware ตรวจ JWT (JWKS cache) + map ผู้ใช้ Keycloak ↔ ผู้ใช้ในระบบ, sync event เมื่อผู้ใช้ถูกปิด | J27: Auth.js (OIDC) แบบ BFF: session ใน httpOnly cookie, refresh token rotation, logout ทั้งระบบ (back-channel); theme หน้า login TH/EN ด้วย Keycloakify | K27: token ไม่ถูกเปิดเผยใน JavaScript ฝั่ง browser; logout แล้ว session ทุกแท็บสิ้นสุด | L27: PLT-01, PLT-02 | M27: L | N27: M | O27: Y | P27: =IFERROR(VLOOKUP($M27,Assumptions!$A$15:$B$20,2,FALSE()),0) -> 10 | Q27: =IFERROR(VLOOKUP($N27,Assumptions!$A$15:$B$20,2,FALSE()),0) -> 5 | R27: =ROUND((P27+Q27)*Assumptions!$B$8,1) -> 1.8 | S27: =IF($O27="Y",ROUND(Q27*Assumptions!$B$9,1),0) -> 2 | T27: =ROUND((P27+Q27)*Assumptions!$B$10,1) -> 5.3 | U27: =SUM(P27:T27) -> 24.1 | V27: -
A28: IAM-02 | B28: IAM | C28: ระบบจัดการผู้ใช้และสิทธิ์ (User & Permission) | D28: Permission engine (RBAC + data scope) | E28: Authorization engine | F28: เพิ่มโดย PM/SA | G28: Must | H28: P0 | I28: permission code module.resource.action, ประกาศสิทธิ์ต่อ endpoint ใน OpenAPI (x-permission) → middleware ตรวจอัตโนมัติ, deny by default, cache permission set ใน Valkey + invalidate ด้วย event, rule ระดับ record (owner / assignee) | J28: hook และ component <Can> ซ่อน/แสดงเมนูและปุ่ม, route guard ใน middleware ของ Next.js | K28: เรียก API ที่ไม่มีสิทธิ์ได้ 403 ทุก endpoint (contract test สร้างจาก OpenAPI) | L28: IAM-01 | M28: L | N28: M | O28: N | P28: =IFERROR(VLOOKUP($M28,Assumptions!$A$15:$B$20,2,FALSE()),0) -> 10 | Q28: =IFERROR(VLOOKUP($N28,Assumptions!$A$15:$B$20,2,FALSE()),0) -> 5 | R28: =ROUND((P28+Q28)*Assumptions!$B$8,1) -> 1.8 | S28: =IF($O28="Y",ROUND(Q28*Assumptions!$B$9,1),0) -> 0 | T28: =ROUND((P28+Q28)*Assumptions!$B$10,1) -> 5.3 | U28: =SUM(P28:T28) -> 22.1 | V28: -
A29: IAM-03 | B29: IAM | C29: ระบบจัดการผู้ใช้และสิทธิ์ (User & Permission) | D29: Console ผู้ให้บริการ: tenant และแพ็กเกจ | E29: Tenant & subscription admin | F29: เพิ่มโดย PM/SA | G29: Must | H29: P0 | I29: สร้าง / ระงับ tenant, แพ็กเกจและโมดูลที่เปิดใช้ (feature flag ตาม license), โควตา (ผู้ใช้ โดเมน ธุรกรรม), สร้างผู้ดูแล tenant คนแรก | J29: console สำหรับผู้ให้บริการแพลตฟอร์ม | K29: ปิดโมดูลที่ไม่ได้ซื้อแล้วเมนูและ API ของโมดูลนั้นใช้ไม่ได้ | L29: PLT-02 | M29: M | N29: M | O29: Y | P29: =IFERROR(VLOOKUP($M29,Assumptions!$A$15:$B$20,2,FALSE()),0) -> 5 | Q29: =IFERROR(VLOOKUP($N29,Assumptions!$A$15:$B$20,2,FALSE()),0) -> 5 | R29: =ROUND((P29+Q29)*Assumptions!$B$8,1) -> 1.2 | S29: =IF($O29="Y",ROUND(Q29*Assumptions!$B$9,1),0) -> 2 | T29: =ROUND((P29+Q29)*Assumptions!$B$10,1) -> 3.5 | U29: =SUM(P29:T29) -> 16.7 | V29: -
A30: ORG-09 | B30: IAM | C30: ระบบจัดการผู้ใช้และสิทธิ์ (User & Permission) | D30: จัดการผู้ใช้ | E30: User management | F30: 08_Organization | ประกาศมาตรการความปลอดภัย พ.ศ. 2565 | G30: Must | H30: P0 | I30: User API: เชิญทางอีเมล (สร้างผู้ใช้ใน Keycloak ผ่าน Admin API + ลิงก์ตั้งรหัสผ่าน), เปิด/ปิดบัญชี (ปิดใน Keycloak + revoke session), ผูกบริษัท/หน่วยงาน, นำเข้าผู้ใช้จาก Excel | J30: หน้ารายชื่อผู้ใช้ ค้นหา/กรอง, ฟอร์มเพิ่ม/แก้ไข, ส่งคำเชิญซ้ำ, นำเข้า | K30: ปิดบัญชีแล้ว session ถูกตัดภายใน 1 นาที และทุกการเปลี่ยนแปลงถูกบันทึก audit | L30: IAM-01, PLT-14 | M30: M | N30: M | O30: Y | P30: =IFERROR(VLOOKUP($M30,Assumptions!$A$15:$B$20,2,FALSE()),0) -> 5 | Q30: =IFERROR(VLOOKUP($N30,Assumptions!$A$15:$B$20,2,FALSE()),0) -> 5 | R30: =ROUND((P30+Q30)*Assumptions!$B$8,1) -> 1.2 | S30: =IF($O30="Y",ROUND(Q30*Assumptions!$B$9,1),0) -> 2 | T30: =ROUND((P30+Q30)*Assumptions!$B$10,1) -> 3.5 | U30: =SUM(P30:T30) -> 16.7 | V30: มี
A31: ORG-10 | B31: IAM | C31: ระบบจัดการผู้ใช้และสิทธิ์ (User & Permission) | D31: Role และ Permission | E31: Roles & permissions | F31: 08_Organization | ประกาศมาตรการความปลอดภัย พ.ศ. 2565 (การควบคุมการเข้าถึง) | G31: Must | H31: P0 | I31: role มาตรฐานตามชีต Roles_Permissions (seed ต่อ tenant), custom role, clone role, permission catalog สร้างจาก OpenAPI | J31: หน้า role + permission matrix แบบ checkbox แยกโมดูลและ action (C/R/U/D/A/P/E/X) | K31: สร้างหรือแก้ role แล้วสิทธิ์มีผลทันทีโดยไม่ต้อง deploy | L31: IAM-02 | M31: M | N31: M | O31: Y | P31: =IFERROR(VLOOKUP($M31,Assumptions!$A$15:$B$20,2,FALSE()),0) -> 5 | Q31: =IFERROR(VLOOKUP($N31,Assumptions!$A$15:$B$20,2,FALSE()),0) -> 5 | R31: =ROUND((P31+Q31)*Assumptions!$B$8,1) -> 1.2 | S31: =IF($O31="Y",ROUND(Q31*Assumptions!$B$9,1),0) -> 2 | T31: =ROUND((P31+Q31)*Assumptions!$B$10,1) -> 3.5 | U31: =SUM(P31:T31) -> 16.7 | V31: มี
A32: ORG-11 | B32: IAM | C32: ระบบจัดการผู้ใช้และสิทธิ์ (User & Permission) | D32: ขอบเขตข้อมูลตามหน่วยงาน | E32: Data scope | F32: 08_Organization | ประกาศมาตรการความปลอดภัย พ.ศ. 2565 | G32: Must | H32: P0 | I32: ผูก role assignment กับ scope (ทั้งกลุ่ม / บริษัท / ฝ่าย / แผนก / สาขา รวมหน่วยย่อย), resolver สร้าง filter ใน repository ทุก query (ltree ของโครงสร้างองค์กร), หลาย scope ต่อคน | J32: เลือก scope แบบ tree ขณะให้ role | K32: ผู้ใช้แผนก A เห็นเฉพาะข้อมูลแผนก A ทุก API (automated test) | L32: IAM-02, ORG-04 | M32: L | N32: S | O32: N | P32: =IFERROR(VLOOKUP($M32,Assumptions!$A$15:$B$20,2,FALSE()),0) -> 10 | Q32: =IFERROR(VLOOKUP($N32,Assumptions!$A$15:$B$20,2,FALSE()),0) -> 3 | R32: =ROUND((P32+Q32)*Assumptions!$B$8,1) -> 1.6 | S32: =IF($O32="Y",ROUND(Q32*Assumptions!$B$9,1),0) -> 0 | T32: =ROUND((P32+Q32)*Assumptions!$B$10,1) -> 4.6 | U32: =SUM(P32:T32) -> 19.2 | V32: มี
A33: ORG-14 | B33: IAM | C33: ระบบจัดการผู้ใช้และสิทธิ์ (User & Permission) | D33: Login นโยบายรหัสผ่าน และ MFA | E33: Authentication & MFA | F33: 08_Organization | ประกาศมาตรการความปลอดภัย พ.ศ. 2565 | G33: Must | H33: P0 | I33: ตั้ง password policy, brute-force lockout, ลืมรหัสผ่าน, MFA (TOTP, WebAuthn/passkey) ใน Keycloak ต่อ tenant; บังคับ MFA ตาม role (ตรวจ claim ที่ Go middleware) และ step-up MFA | J33: หน้าตั้งค่านโยบายความปลอดภัยของ tenant; theme หน้า login / ลืมรหัส / ตั้ง MFA | K33: ผิดครบจำนวนแล้วบัญชีถูกล็อกตามเวลาที่ตั้ง; role ที่บังคับ MFA เข้าไม่ได้ถ้าไม่ผ่าน MFA | L33: IAM-01 | M33: M | N33: S | O33: Y | P33: =IFERROR(VLOOKUP($M33,Assumptions!$A$15:$B$20,2,FALSE()),0) -> 5 | Q33: =IFERROR(VLOOKUP($N33,Assumptions!$A$15:$B$20,2,FALSE()),0) -> 3 | R33: =ROUND((P33+Q33)*Assumptions!$B$8,1) -> 1 | S33: =IF($O33="Y",ROUND(Q33*Assumptions!$B$9,1),0) -> 1.2 | T33: =ROUND((P33+Q33)*Assumptions!$B$10,1) -> 2.8 | U33: =SUM(P33:T33) -> 13 | V33: มี
A34: ORG-16 | B34: IAM | C34: ระบบจัดการผู้ใช้และสิทธิ์ (User & Permission) | D34: API Client และ Service account | E34: API credentials | F34: 08_Organization | ประกาศมาตรการความปลอดภัย พ.ศ. 2565 | G34: Must | H34: P0 | I34: OAuth2 client credentials (Keycloak service account), scope ต่อ client, ผูก tenant/ระบบ, หมุน secret, IP allowlist ที่ middleware, ปิด client ทันที | J34: หน้าจัดการ API client แสดง secret ครั้งเดียว | K34: client เรียกได้เฉพาะ scope ที่ได้รับ และจาก IP ที่อนุญาตเท่านั้น | L34: IAM-02 | M34: M | N34: S | O34: N | P34: =IFERROR(VLOOKUP($M34,Assumptions!$A$15:$B$20,2,FALSE()),0) -> 5 | Q34: =IFERROR(VLOOKUP($N34,Assumptions!$A$15:$B$20,2,FALSE()),0) -> 3 | R34: =ROUND((P34+Q34)*Assumptions!$B$8,1) -> 1 | S34: =IF($O34="Y",ROUND(Q34*Assumptions!$B$9,1),0) -> 0 | T34: =ROUND((P34+Q34)*Assumptions!$B$10,1) -> 2.8 | U34: =SUM(P34:T34) -> 11.8 | V34: มี
A35: ORG-19 | B35: IAM | C35: ระบบจัดการผู้ใช้และสิทธิ์ (User & Permission) | D35: Audit log | E35: Audit log | F35: 08_Organization | ประกาศมาตรการความปลอดภัย พ.ศ. 2565 | G35: Must | H35: P0 | I35: API ค้นหา / กรอง / ส่งออก audit log และตรวจ hash chain | J35: หน้าดู log ตามผู้ใช้ / โมดูล / ช่วงเวลา พร้อมรายละเอียด before/after | K35: ตรวจได้ว่าใครเปลี่ยนสิทธิ์ของใคร เมื่อไร และส่งออกได้ | L35: PLT-12 | M35: S | N35: M | O35: Y | P35: =IFERROR(VLOOKUP($M35,Assumptions!$A$15:$B$20,2,FALSE()),0) -> 3 | Q35: =IFERROR(VLOOKUP($N35,Assumptions!$A$15:$B$20,2,FALSE()),0) -> 5 | R35: =ROUND((P35+Q35)*Assumptions!$B$8,1) -> 1 | S35: =IF($O35="Y",ROUND(Q35*Assumptions!$B$9,1),0) -> 2 | T35: =ROUND((P35+Q35)*Assumptions!$B$10,1) -> 2.8 | U35: =SUM(P35:T35) -> 13.8 | V35: มี
A36: IAM-04 | B36: IAM | C36: ระบบจัดการผู้ใช้และสิทธิ์ (User & Permission) | D36: สิทธิ์ผู้ใช้ภายนอก (guest) | E36: External guest access | F36: เพิ่มโดย PM/SA | G36: Must | H36: P1 | I36: token แบบ magic link ผูกงานเดียว (แบบประเมิน / เอกสาร / แจ้งเหตุ / งานย่อย) มีวันหมดอายุ, OTP ยืนยันอีเมล, สิทธิ์เฉพาะงานนั้น, เพิกถอนได้ | J36: หน้า guest ใน portal สำหรับคู่ค้า ผู้ประมวลผล และผู้ร่วมประเมิน | K36: ลิงก์ใช้ได้เฉพาะงานที่เชิญ หมดอายุตามที่ตั้ง และเพิกถอนแล้วใช้ไม่ได้ทันที | L36: IAM-02 | M36: M | N36: S | O36: N | P36: =IFERROR(VLOOKUP($M36,Assumptions!$A$15:$B$20,2,FALSE()),0) -> 5 | Q36: =IFERROR(VLOOKUP($N36,Assumptions!$A$15:$B$20,2,FALSE()),0) -> 3 | R36: =ROUND((P36+Q36)*Assumptions!$B$8,1) -> 1 | S36: =IF($O36="Y",ROUND(Q36*Assumptions!$B$9,1),0) -> 0 | T36: =ROUND((P36+Q36)*Assumptions!$B$10,1) -> 2.8 | U36: =SUM(P36:T36) -> 11.8 | V36: - | W36: ใช้ร่วม VEN-05, DPIA-09, BRE-03, DSAR-12, DPA/DSA
A37: IAM-05 | B37: IAM | C37: ระบบจัดการผู้ใช้และสิทธิ์ (User & Permission) | D37: บริการยืนยันตัวตนเจ้าของข้อมูล | E37: Data subject verification service | F37: เพิ่มโดย PM/SA | G37: Must | H37: P1 | I37: OTP ทาง SMS / อีเมล, magic link, ตรวจกับข้อมูลที่มีในระบบ (match score), ระดับความมั่นใจต่อ use case, รองรับ IdP ภายนอก / ThaID ภายหลัง, rate limit กัน brute force | J37: ขั้นตอนยืนยันตัวตนใน portal ใช้ร่วม preference center, คำขอใช้สิทธิ และ double opt-in | K37: OTP หมดอายุใน 5 นาที จำกัดจำนวนครั้ง และบันทึกผลการยืนยันทุกครั้ง | L37: PLT-04 | M37: M | N37: S | O37: N | P37: =IFERROR(VLOOKUP($M37,Assumptions!$A$15:$B$20,2,FALSE()),0) -> 5 | Q37: =IFERROR(VLOOKUP($N37,Assumptions!$A$15:$B$20,2,FALSE()),0) -> 3 | R37: =ROUND((P37+Q37)*Assumptions!$B$8,1) -> 1 | S37: =IF($O37="Y",ROUND(Q37*Assumptions!$B$9,1),0) -> 0 | T37: =ROUND((P37+Q37)*Assumptions!$B$10,1) -> 2.8 | U37: =SUM(P37:T37) -> 11.8 | V37: - | W37: ใช้ร่วม CON-18, CON-19, CON-23, DSAR-06, DSAR-19
A38: ORG-12 | B38: IAM | C38: ระบบจัดการผู้ใช้และสิทธิ์ (User & Permission) | D38: กลุ่มผู้ใช้และทีม | E38: User groups & teams | F38: 08_Organization | แนวปฏิบัติตลาด | G38: Should | H38: P1 | I38: กลุ่มผู้ใช้สำหรับมอบหมายงานและให้สิทธิ์ทั้งกลุ่ม, ใช้เป็นผู้รับงานใน workflow | J38: หน้าจัดการกลุ่มและสมาชิก | K38: มอบหมายงานให้กลุ่มแล้วสมาชิกทุกคนเห็นงาน | L38: ORG-09 | M38: S | N38: S | O38: N | P38: =IFERROR(VLOOKUP($M38,Assumptions!$A$15:$B$20,2,FALSE()),0) -> 3 | Q38: =IFERROR(VLOOKUP($N38,Assumptions!$A$15:$B$20,2,FALSE()),0) -> 3 | R38: =ROUND((P38+Q38)*Assumptions!$B$8,1) -> 0.7 | S38: =IF($O38="Y",ROUND(Q38*Assumptions!$B$9,1),0) -> 0 | T38: =ROUND((P38+Q38)*Assumptions!$B$10,1) -> 2.1 | U38: =SUM(P38:T38) -> 8.8 | V38: มี | W38: ดึงเข้า P1 เพราะ workflow ของ DSAR / Breach มอบงานให้ทีม
A39: ORG-13 | B39: IAM | C39: ระบบจัดการผู้ใช้และสิทธิ์ (User & Permission) | D39: โปรไฟล์และการตั้งค่าส่วนตัว | E39: User profile | F39: 08_Organization | แนวปฏิบัติตลาด | G39: Should | H39: P1 | I39: API โปรไฟล์: ข้อมูลส่วนตัว รูป ภาษา ช่องทางรับแจ้งเตือน; ลิงก์ไปตั้งค่า MFA ใน Keycloak account | J39: หน้าโปรไฟล์และการตั้งค่าการแจ้งเตือน | K39: ผู้ใช้แก้ข้อมูลของตนได้โดยไม่ต้องขอผู้ดูแล | L39: ORG-09 | M39: S | N39: S | O39: N | P39: =IFERROR(VLOOKUP($M39,Assumptions!$A$15:$B$20,2,FALSE()),0) -> 3 | Q39: =IFERROR(VLOOKUP($N39,Assumptions!$A$15:$B$20,2,FALSE()),0) -> 3 | R39: =ROUND((P39+Q39)*Assumptions!$B$8,1) -> 0.7 | S39: =IF($O39="Y",ROUND(Q39*Assumptions!$B$9,1),0) -> 0 | T39: =ROUND((P39+Q39)*Assumptions!$B$10,1) -> 2.1 | U39: =SUM(P39:T39) -> 8.8 | V39: มี
A40: ORG-15 | B40: IAM | C40: ระบบจัดการผู้ใช้และสิทธิ์ (User & Permission) | D40: Single Sign-On และ ThaID | E40: SSO & ThaID | F40: 08_Organization | แนวปฏิบัติตลาด | G40: Should | H40: P1 | I40: identity brokering ใน Keycloak: OIDC/SAML (Entra ID, Google Workspace, ADFS), LDAP/AD federation, map group → role/scope, JIT provisioning; ThaID ผ่าน OIDC หลังขึ้นทะเบียน | J40: หน้าตั้งค่า IdP ต่อ tenant + ปุ่ม login ด้วย SSO / ThaID | K40: ผู้ใช้ Entra ID เข้าระบบได้และได้ role ตาม group; login ด้วย ThaID ผูกกับบัญชีเดิมได้ | L40: IAM-01 | M40: M | N40: S | O40: N | P40: =IFERROR(VLOOKUP($M40,Assumptions!$A$15:$B$20,2,FALSE()),0) -> 5 | Q40: =IFERROR(VLOOKUP($N40,Assumptions!$A$15:$B$20,2,FALSE()),0) -> 3 | R40: =ROUND((P40+Q40)*Assumptions!$B$8,1) -> 1 | S40: =IF($O40="Y",ROUND(Q40*Assumptions!$B$9,1),0) -> 0 | T40: =ROUND((P40+Q40)*Assumptions!$B$10,1) -> 2.8 | U40: =SUM(P40:T40) -> 11.8 | V40: มีบางส่วน | W40: ดึงเข้า P1: ลูกค้าองค์กรมักบังคับ SSO; ThaID ต้องขึ้นทะเบียน (R09)
A41: ORG-17 | B41: IAM | C41: ระบบจัดการผู้ใช้และสิทธิ์ (User & Permission) | D41: ปกปิดข้อมูลส่วนบุคคลบนหน้าจอ | E41: PII masking | F41: 08_Organization | ม.37(1) | G41: Should | H41: P1 | I41: masking policy ต่อฟิลด์ (เลขบัตร / เบอร์ / อีเมล) ใน response serializer, สิทธิ์ pii.unmask, endpoint unmask ต้องระบุเหตุผลและบันทึก audit | J41: component แสดงค่าปกปิด + ปุ่ม 'แสดง' พร้อมกล่องเหตุผล | K41: ผู้ไม่มีสิทธิ์ไม่ได้รับค่าจริงจาก API และการ unmask ทุกครั้งมี log | L41: IAM-02, PLT-13 | M41: M | N41: S | O41: N | P41: =IFERROR(VLOOKUP($M41,Assumptions!$A$15:$B$20,2,FALSE()),0) -> 5 | Q41: =IFERROR(VLOOKUP($N41,Assumptions!$A$15:$B$20,2,FALSE()),0) -> 3 | R41: =ROUND((P41+Q41)*Assumptions!$B$8,1) -> 1 | S41: =IF($O41="Y",ROUND(Q41*Assumptions!$B$9,1),0) -> 0 | T41: =ROUND((P41+Q41)*Assumptions!$B$10,1) -> 2.8 | U41: =SUM(P41:T41) -> 11.8 | V41: ไม่มี | W41: ดึงเข้า P1 ให้ทุกโมดูลใช้ตั้งแต่ต้น; OneTrust ไม่มี (จุดต่าง)
A42: IAM-06 | B42: IAM | C42: ระบบจัดการผู้ใช้และสิทธิ์ (User & Permission) | D42: Maker-checker สำหรับงานผู้ดูแลระบบ | E42: Dual control for sensitive admin actions | F42: เพิ่มโดย PM/SA | G42: Should | H42: P3 | I42: กำหนด action ที่ต้องอนุมัติ: เปลี่ยน role ระดับ admin, export ข้อมูลจำนวนมาก, ลบความยินยอม, ปิด MFA ของผู้อื่น | J42: กล่องคำขอรออนุมัติ + ประวัติ | K42: ผู้ขอกับผู้อนุมัติต้องต่างคน และ action ไม่มีผลจนกว่าจะอนุมัติ | L42: PLT-08 | M42: S | N42: S | O42: N | P42: =IFERROR(VLOOKUP($M42,Assumptions!$A$15:$B$20,2,FALSE()),0) -> 3 | Q42: =IFERROR(VLOOKUP($N42,Assumptions!$A$15:$B$20,2,FALSE()),0) -> 3 | R42: =ROUND((P42+Q42)*Assumptions!$B$8,1) -> 0.7 | S42: =IF($O42="Y",ROUND(Q42*Assumptions!$B$9,1),0) -> 0 | T42: =ROUND((P42+Q42)*Assumptions!$B$10,1) -> 2.1 | U42: =SUM(P42:T42) -> 8.8 | V42: -
A43: IAM-07 | B43: IAM | C43: ระบบจัดการผู้ใช้และสิทธิ์ (User & Permission) | D43: Break-glass และสิทธิ์ระดับสูง | E43: Break-glass & privileged access | F43: เพิ่มโดย PM/SA | G43: Should | H43: P3 | I43: บัญชีฉุกเฉินต้องระบุเหตุผล มีเวลาจำกัด แจ้ง DPO / Security ทันที; Super Admin ของแพลตฟอร์มไม่เห็นข้อมูล tenant ถ้าไม่ใช้ break-glass | J43: หน้าขอใช้สิทธิ์ฉุกเฉินและประวัติการใช้ | K43: ใช้ break-glass แล้ว DPO และ Security ได้รับแจ้งทันที และสิทธิ์หมดเมื่อครบเวลา | L43: IAM-02 | M43: S | N43: S | O43: N | P43: =IFERROR(VLOOKUP($M43,Assumptions!$A$15:$B$20,2,FALSE()),0) -> 3 | Q43: =IFERROR(VLOOKUP($N43,Assumptions!$A$15:$B$20,2,FALSE()),0) -> 3 | R43: =ROUND((P43+Q43)*Assumptions!$B$8,1) -> 0.7 | S43: =IF($O43="Y",ROUND(Q43*Assumptions!$B$9,1),0) -> 0 | T43: =ROUND((P43+Q43)*Assumptions!$B$10,1) -> 2.1 | U43: =SUM(P43:T43) -> 8.8 | V43: -
A44: IAM-08 | B44: IAM | C44: ระบบจัดการผู้ใช้และสิทธิ์ (User & Permission) | D44: จัดการ session และแจ้งเตือนความปลอดภัย | E44: Session management & security alerts | F44: เพิ่มโดย PM/SA | G44: Should | H44: P3 | I44: ดู / บังคับ logout session (Keycloak Admin API), แจ้งเตือน login จากอุปกรณ์หรือประเทศใหม่, จำกัด session พร้อมกัน | J44: หน้ารายการ session ของตนเองและของผู้ใช้ (สำหรับผู้ดูแล) | K44: ผู้ดูแลบังคับ logout ผู้ใช้ได้ทันที | L44: IAM-01 | M44: S | N44: S | O44: N | P44: =IFERROR(VLOOKUP($M44,Assumptions!$A$15:$B$20,2,FALSE()),0) -> 3 | Q44: =IFERROR(VLOOKUP($N44,Assumptions!$A$15:$B$20,2,FALSE()),0) -> 3 | R44: =ROUND((P44+Q44)*Assumptions!$B$8,1) -> 0.7 | S44: =IF($O44="Y",ROUND(Q44*Assumptions!$B$9,1),0) -> 0 | T44: =ROUND((P44+Q44)*Assumptions!$B$10,1) -> 2.1 | U44: =SUM(P44:T44) -> 8.8 | V44: -
A45: IAM-09 | B45: IAM | C45: ระบบจัดการผู้ใช้และสิทธิ์ (User & Permission) | D45: SCIM 2.0 provisioning | E45: SCIM user & group provisioning | F45: เพิ่มโดย PM/SA | G45: Should | H45: P3 | I45: endpoint SCIM 2.0 (Users / Groups) รับจาก Entra ID / Okta: สร้าง / แก้ / ปิดผู้ใช้และกลุ่ม → sync ไป Keycloak + role mapping | J45: - | K45: ปิดบัญชีใน directory แล้วบัญชีในระบบถูกปิดอัตโนมัติ | L45: ORG-15 | M45: M | N45: - | O45: N | P45: =IFERROR(VLOOKUP($M45,Assumptions!$A$15:$B$20,2,FALSE()),0) -> 5 | Q45: =IFERROR(VLOOKUP($N45,Assumptions!$A$15:$B$20,2,FALSE()),0) -> 0 | R45: =ROUND((P45+Q45)*Assumptions!$B$8,1) -> 0.6 | S45: =IF($O45="Y",ROUND(Q45*Assumptions!$B$9,1),0) -> 0 | T45: =ROUND((P45+Q45)*Assumptions!$B$10,1) -> 1.8 | U45: =SUM(P45:T45) -> 7.4 | V45: - | W45: OneTrust มี SCIM — ลูกค้าองค์กรใหญ่คาดหวัง
A46: ORG-18 | B46: IAM | C46: ระบบจัดการผู้ใช้และสิทธิ์ (User & Permission) | D46: ทบทวนสิทธิ์ตามรอบ | E46: Access review | F46: 08_Organization | ประกาศมาตรการความปลอดภัย พ.ศ. 2565 | G46: Should | H46: P3 | I46: สร้างรอบทบทวนสิทธิ์ ส่งให้หัวหน้ายืนยัน/ถอน, สรุปผล, ถอนสิทธิ์อัตโนมัติเมื่อไม่ยืนยันในเวลา | J46: หน้ารอบทบทวน + ปุ่มยืนยัน/ถอนสิทธิ์ราย user | K46: สิทธิ์ที่ไม่ได้รับการยืนยันถูกถอนตามนโยบาย และมีรายงานสรุปรอบ | L46: PLT-05, ORG-10 | M46: M | N46: M | O46: Y | P46: =IFERROR(VLOOKUP($M46,Assumptions!$A$15:$B$20,2,FALSE()),0) -> 5 | Q46: =IFERROR(VLOOKUP($N46,Assumptions!$A$15:$B$20,2,FALSE()),0) -> 5 | R46: =ROUND((P46+Q46)*Assumptions!$B$8,1) -> 1.2 | S46: =IF($O46="Y",ROUND(Q46*Assumptions!$B$9,1),0) -> 2 | T46: =ROUND((P46+Q46)*Assumptions!$B$10,1) -> 3.5 | U46: =SUM(P46:T46) -> 16.7 | V46: มีบางส่วน
A47: IAM-10 | B47: IAM | C47: ระบบจัดการผู้ใช้และสิทธิ์ (User & Permission) | D47: สิทธิ์ชั่วคราวและมอบอำนาจ | E47: Delegation & time-bound access | F47: เพิ่มโดย PM/SA | G47: Nice-to-have | H47: P4 | I47: ให้ role แบบมีวันหมดอายุ, มอบงานแทนช่วงลา | J47: กำหนดวันเริ่ม / สิ้นสุดสิทธิ์ และผู้รับมอบ | K47: สิทธิ์หมดอายุอัตโนมัติตามเวลาที่ตั้ง | L47: ORG-10 | M47: S | N47: S | O47: N | P47: =IFERROR(VLOOKUP($M47,Assumptions!$A$15:$B$20,2,FALSE()),0) -> 3 | Q47: =IFERROR(VLOOKUP($N47,Assumptions!$A$15:$B$20,2,FALSE()),0) -> 3 | R47: =ROUND((P47+Q47)*Assumptions!$B$8,1) -> 0.7 | S47: =IF($O47="Y",ROUND(Q47*Assumptions!$B$9,1),0) -> 0 | T47: =ROUND((P47+Q47)*Assumptions!$B$10,1) -> 2.1 | U47: =SUM(P47:T47) -> 8.8 | V47: -
A48: ORG-01 | B48: ORG | C48: ข้อมูลหน่วยงาน (Organization) | D48: ข้อมูลหน่วยงาน / นิติบุคคล | E48: Organization profile | F48: 08_Organization | ม.23(5), ม.39(3) | G48: Must | H48: P0 | I48: นิติบุคคล: ชื่อ TH/EN, เลขทะเบียน 13 หลัก (ตรวจ checksum), ที่อยู่, ช่องทางติดต่อ, โลโก้; เป็น merge field ของเอกสาร | J48: ฟอร์มข้อมูลองค์กร + อัปโหลดโลโก้ | K48: ข้อมูลองค์กรแสดงถูกต้องในประกาศและเอกสารที่สร้าง | L48: PLT-02 | M48: S | N48: S | O48: Y | P48: =IFERROR(VLOOKUP($M48,Assumptions!$A$15:$B$20,2,FALSE()),0) -> 3 | Q48: =IFERROR(VLOOKUP($N48,Assumptions!$A$15:$B$20,2,FALSE()),0) -> 3 | R48: =ROUND((P48+Q48)*Assumptions!$B$8,1) -> 0.7 | S48: =IF($O48="Y",ROUND(Q48*Assumptions!$B$9,1),0) -> 1.2 | T48: =ROUND((P48+Q48)*Assumptions!$B$10,1) -> 2.1 | U48: =SUM(P48:T48) -> 10 | V48: มี
A49: ORG-02 | B49: ORG | C49: ข้อมูลหน่วยงาน (Organization) | D49: หลายนิติบุคคลและบริษัทในเครือ | E49: Multi-entity / group | F49: 08_Organization | ม.41 วรรคสอง | G49: Should | H49: P0 | I49: หลายบริษัทใน tenant เดียว, scope ต่อบริษัท, DPO ร่วมของกลุ่ม | J49: สลับบริษัทที่กำลังทำงาน + ตัวกรองบริษัท | K49: ผู้ใช้ของบริษัท A ไม่เห็นข้อมูลบริษัท B ถ้าไม่ได้รับ scope | L49: ORG-04 | M49: M | N49: S | O49: N | P49: =IFERROR(VLOOKUP($M49,Assumptions!$A$15:$B$20,2,FALSE()),0) -> 5 | Q49: =IFERROR(VLOOKUP($N49,Assumptions!$A$15:$B$20,2,FALSE()),0) -> 3 | R49: =ROUND((P49+Q49)*Assumptions!$B$8,1) -> 1 | S49: =IF($O49="Y",ROUND(Q49*Assumptions!$B$9,1),0) -> 0 | T49: =ROUND((P49+Q49)*Assumptions!$B$10,1) -> 2.8 | U49: =SUM(P49:T49) -> 11.8 | V49: มี | W49: ดึงเข้า P0 เพราะกระทบ data model ทุกโมดูล
A50: ORG-04 | B50: ORG | C50: ข้อมูลหน่วยงาน (Organization) | D50: โครงสร้างหน่วยงานแบบลำดับชั้น | E50: Organization hierarchy | F50: 08_Organization | แนวปฏิบัติตลาด | G50: Must | H50: P0 | I50: org tree (ltree), ย้ายหน่วยงาน, ปิดหน่วยงานโดยเก็บประวัติ, event เมื่อโครงสร้างเปลี่ยน | J50: tree view ลากวาง + ค้นหา | K50: ย้ายแผนกแล้ว scope ของผู้ใช้และข้อมูลปรับตามทันที | L50: ORG-01 | M50: M | N50: M | O50: Y | P50: =IFERROR(VLOOKUP($M50,Assumptions!$A$15:$B$20,2,FALSE()),0) -> 5 | Q50: =IFERROR(VLOOKUP($N50,Assumptions!$A$15:$B$20,2,FALSE()),0) -> 5 | R50: =ROUND((P50+Q50)*Assumptions!$B$8,1) -> 1.2 | S50: =IF($O50="Y",ROUND(Q50*Assumptions!$B$9,1),0) -> 2 | T50: =ROUND((P50+Q50)*Assumptions!$B$10,1) -> 3.5 | U50: =SUM(P50:T50) -> 16.7 | V50: มี
A51: ORG-07 | B51: ORG | C51: ข้อมูลหน่วยงาน (Organization) | D51: ข้อมูลตั้งต้นกลาง (Master data) | E51: Master data | F51: 08_Organization | ม.24, ม.26 | G51: Must | H51: P0 | I51: ประเภทข้อมูล, ข้อมูลอ่อนไหว ม.26, กลุ่มเจ้าของข้อมูล, วัตถุประสงค์, ฐานกฎหมาย ม.24/26, ระยะเวลาเก็บ, ประเทศ (สถานะมาตรฐานเพียงพอ); ชุดค่าเริ่มต้นภาษาไทย | J51: หน้าจัดการ master data แยกหมวด | K51: แก้ที่เดียวมีผลทุกโมดูล และ tenant ใหม่ได้ชุดค่าเริ่มต้นครบ | L51: ORG-01 | M51: M | N51: M | O51: N | P51: =IFERROR(VLOOKUP($M51,Assumptions!$A$15:$B$20,2,FALSE()),0) -> 5 | Q51: =IFERROR(VLOOKUP($N51,Assumptions!$A$15:$B$20,2,FALSE()),0) -> 5 | R51: =ROUND((P51+Q51)*Assumptions!$B$8,1) -> 1.2 | S51: =IF($O51="Y",ROUND(Q51*Assumptions!$B$9,1),0) -> 0 | T51: =ROUND((P51+Q51)*Assumptions!$B$10,1) -> 3.5 | U51: =SUM(P51:T51) -> 14.7 | V51: มี
A52: ORG-20 | B52: ORG | C52: ข้อมูลหน่วยงาน (Organization) | D52: ตั้งค่าองค์กร | E52: Organization settings | F52: 08_Organization | แนวปฏิบัติตลาด | G52: Should | H52: P0 | I52: ตั้งค่าภาษา โลโก้ ธีม template แจ้งเตือน และปฏิทินวันทำการ / วันหยุดราชการไทยต่อปี (ใช้โดย SLA engine) | J52: หน้าตั้งค่าองค์กร + ปฏิทินวันหยุด | K52: SLA ของทุกโมดูลนับตามปฏิทินของ tenant | L52: PLT-02 | M52: S | N52: M | O52: Y | P52: =IFERROR(VLOOKUP($M52,Assumptions!$A$15:$B$20,2,FALSE()),0) -> 3 | Q52: =IFERROR(VLOOKUP($N52,Assumptions!$A$15:$B$20,2,FALSE()),0) -> 5 | R52: =ROUND((P52+Q52)*Assumptions!$B$8,1) -> 1 | S52: =IF($O52="Y",ROUND(Q52*Assumptions!$B$9,1),0) -> 2 | T52: =ROUND((P52+Q52)*Assumptions!$B$10,1) -> 2.8 | U52: =SUM(P52:T52) -> 13.8 | V52: มีบางส่วน | W52: ดึงเข้า P0 เพราะ SLA engine ต้องใช้ปฏิทิน
A53: ORG-06 | B53: ORG | C53: ข้อมูลหน่วยงาน (Organization) | D53: ทะเบียนหน่วยงานภายนอก | E53: External parties directory | F53: 08_Organization | ม.39, ม.40 | G53: Must | H53: P1 | I53: directory หน่วยงานภายนอก: ประเภท (ผู้ประมวลผล / ผู้รับข้อมูล / หน่วยงานรัฐ), ประเทศ, ผู้ติดต่อ, ตรวจรายการซ้ำ; ใช้ร่วม RoPA, DSA, DPA, Vendor | J53: หน้ารายการ + ฟอร์ม + รวมรายการซ้ำ | K53: หน่วยงานภายนอกหนึ่งรายมี record เดียวที่ทุกโมดูลอ้างถึง | L53: ORG-01 | M53: M | N53: M | O53: Y | P53: =IFERROR(VLOOKUP($M53,Assumptions!$A$15:$B$20,2,FALSE()),0) -> 5 | Q53: =IFERROR(VLOOKUP($N53,Assumptions!$A$15:$B$20,2,FALSE()),0) -> 5 | R53: =ROUND((P53+Q53)*Assumptions!$B$8,1) -> 1.2 | S53: =IF($O53="Y",ROUND(Q53*Assumptions!$B$9,1),0) -> 2 | T53: =ROUND((P53+Q53)*Assumptions!$B$10,1) -> 3.5 | U53: =SUM(P53:T53) -> 16.7 | V53: มี
A54: ORG-05 | B54: ORG | C54: ข้อมูลหน่วยงาน (Organization) | D54: ผู้ประสานงาน PDPA ประจำหน่วยงาน | E54: Privacy champions | F54: 08_Organization | แนวปฏิบัติตลาด | G54: Should | H54: P3 | I54: ผู้ประสานงานต่อแผนก ใช้เป็นผู้รับงานเริ่มต้นของ RoPA / คำขอ / การแจ้งเตือน | J54: กำหนดผู้ประสานงานในหน้าหน่วยงาน | K54: งานของแผนกถูกส่งถึงผู้ประสานงานอัตโนมัติ | L54: ORG-04, ORG-12 | M54: S | N54: S | O54: N | P54: =IFERROR(VLOOKUP($M54,Assumptions!$A$15:$B$20,2,FALSE()),0) -> 3 | Q54: =IFERROR(VLOOKUP($N54,Assumptions!$A$15:$B$20,2,FALSE()),0) -> 3 | R54: =ROUND((P54+Q54)*Assumptions!$B$8,1) -> 0.7 | S54: =IF($O54="Y",ROUND(Q54*Assumptions!$B$9,1),0) -> 0 | T54: =ROUND((P54+Q54)*Assumptions!$B$10,1) -> 2.1 | U54: =SUM(P54:T54) -> 8.8 | V54: มีบางส่วน
A55: ORG-08 | B55: ORG | C55: ข้อมูลหน่วยงาน (Organization) | D55: นำเข้าและส่งออกข้อมูลตั้งต้น | E55: Master data import/export | F55: 08_Organization | แนวปฏิบัติตลาด | G55: Should | H55: P3 | I55: template นำเข้า / ส่งออก master data (ใช้ PLT-14) | J55: ปุ่มนำเข้า / ส่งออกในหน้า master data | K55: นำเข้าแล้วรายการซ้ำถูกตรวจพบก่อนบันทึก | L55: PLT-14, ORG-07 | M55: XS | N55: S | O55: N | P55: =IFERROR(VLOOKUP($M55,Assumptions!$A$15:$B$20,2,FALSE()),0) -> 1 | Q55: =IFERROR(VLOOKUP($N55,Assumptions!$A$15:$B$20,2,FALSE()),0) -> 3 | R55: =ROUND((P55+Q55)*Assumptions!$B$8,1) -> 0.5 | S55: =IF($O55="Y",ROUND(Q55*Assumptions!$B$9,1),0) -> 0 | T55: =ROUND((P55+Q55)*Assumptions!$B$10,1) -> 1.4 | U55: =SUM(P55:T55) -> 5.9 | V55: มี
A56: ORG-21 | B56: ORG | C56: ข้อมูลหน่วยงาน (Organization) | D56: เลือกที่เก็บข้อมูลและรูปแบบติดตั้ง | E56: Data residency & deployment | F56: 08_Organization | แนวปฏิบัติตลาด | G56: Should | H56: P3 | I56: โหมดติดตั้ง on-prem: license key แบบ offline, ตั้งค่า region / data residency, ตรวจความพร้อมของ environment | J56: หน้าแสดงสถานะการติดตั้งและ license | K56: ติดตั้ง on-prem ด้วย Helm ได้ตามคู่มือ และข้อมูลทั้งหมดอยู่ใน environment ของลูกค้า | L56: T41 | M56: M | N56: S | O56: N | P56: =IFERROR(VLOOKUP($M56,Assumptions!$A$15:$B$20,2,FALSE()),0) -> 5 | Q56: =IFERROR(VLOOKUP($N56,Assumptions!$A$15:$B$20,2,FALSE()),0) -> 3 | R56: =ROUND((P56+Q56)*Assumptions!$B$8,1) -> 1 | S56: =IF($O56="Y",ROUND(Q56*Assumptions!$B$9,1),0) -> 0 | T56: =ROUND((P56+Q56)*Assumptions!$B$10,1) -> 2.8 | U56: =SUM(P56:T56) -> 11.8 | V56: มีบางส่วน | W56: SaaS บน cloud ในไทยทำใน T17 ตั้งแต่ P1
A57: ORG-03 | B57: ORG | C57: ข้อมูลหน่วยงาน (Organization) | D57: ผู้แทนในประเทศไทย | E57: Local representative | F57: 08_Organization | ม.37(5) | G57: Nice-to-have | H57: P4 | I57: ฟิลด์ผู้แทนในประเทศไทย + merge field ในประกาศ | J57: ส่วนผู้แทนในหน้าข้อมูลองค์กร | K57: ประกาศแสดงข้อมูลผู้แทนเมื่อกำหนดไว้ | L57: ORG-01 | M57: XS | N57: XS | O57: N | P57: =IFERROR(VLOOKUP($M57,Assumptions!$A$15:$B$20,2,FALSE()),0) -> 1 | Q57: =IFERROR(VLOOKUP($N57,Assumptions!$A$15:$B$20,2,FALSE()),0) -> 1 | R57: =ROUND((P57+Q57)*Assumptions!$B$8,1) -> 0.2 | S57: =IF($O57="Y",ROUND(Q57*Assumptions!$B$9,1),0) -> 0 | T57: =ROUND((P57+Q57)*Assumptions!$B$10,1) -> 0.7 | U57: =SUM(P57:T57) -> 2.9 | V57: มีบางส่วน
A58: CON-01 | B58: CON | C58: คุกกี้และความยินยอม (Cookies & Consent) | D58: แบนเนอร์คุกกี้บนเว็บไซต์ | E58: Cookie consent banner | F58: 11_Consent | ม.19, ม.23 | G58: Must | H58: P1 | I58: config แบนเนอร์ต่อโดเมน publish เป็น JSON บน CDN, รับ consent event แบบ anonymous (cookie ID) + เก็บหลักฐาน, จัดการโดเมนและยืนยันความเป็นเจ้าของ | J58: cookie SDK (vanilla TypeScript ≤ 30 KB gzip): banner / modal ปุ่มยอมรับ-ปฏิเสธ-ตั้งค่า น้ำหนักเท่ากัน, first-party cookie, TH/EN; หน้า admin ตั้งค่าแบนเนอร์ + โค้ดติดตั้ง | K58: ไม่มีช่องติ๊กล่วงหน้า; ปฏิเสธทั้งหมดได้ในคลิกเดียว; ขนาด SDK ไม่เกิน 30 KB gzip | L58: PLT-17, PLT-11 | M58: M | N58: XL | O58: Y | P58: =IFERROR(VLOOKUP($M58,Assumptions!$A$15:$B$20,2,FALSE()),0) -> 5 | Q58: =IFERROR(VLOOKUP($N58,Assumptions!$A$15:$B$20,2,FALSE()),0) -> 20 | R58: =ROUND((P58+Q58)*Assumptions!$B$8,1) -> 3 | S58: =IF($O58="Y",ROUND(Q58*Assumptions!$B$9,1),0) -> 8 | T58: =ROUND((P58+Q58)*Assumptions!$B$10,1) -> 8.8 | U58: =SUM(P58:T58) -> 44.8 | V58: มี
A59: CON-02 | B59: CON | C59: คุกกี้และความยินยอม (Cookies & Consent) | D59: ตั้งค่าคุกกี้รายหมวด | E59: Granular cookie preferences | F59: 11_Consent | ม.19 | G59: Must | H59: P1 | I59: หมวดคุกกี้ (ค่าเริ่มต้น 4 หมวด) + รายการคุกกี้ต่อหมวด, บันทึกทางเลือกรายหมวด | J59: preference modal ใน SDK + หน้า admin จัดหมวด | K59: เปิด/ปิดรายหมวดแล้วมีผลทันทีกับสคริปต์ในหมวดนั้น | L59: CON-01 | M59: S | N59: M | O59: Y | P59: =IFERROR(VLOOKUP($M59,Assumptions!$A$15:$B$20,2,FALSE()),0) -> 3 | Q59: =IFERROR(VLOOKUP($N59,Assumptions!$A$15:$B$20,2,FALSE()),0) -> 5 | R59: =ROUND((P59+Q59)*Assumptions!$B$8,1) -> 1 | S59: =IF($O59="Y",ROUND(Q59*Assumptions!$B$9,1),0) -> 2 | T59: =ROUND((P59+Q59)*Assumptions!$B$10,1) -> 2.8 | U59: =SUM(P59:T59) -> 13.8 | V59: มี
A60: CON-03 | B60: CON | C60: คุกกี้และความยินยอม (Cookies & Consent) | D60: บล็อกสคริปต์ก่อนได้รับความยินยอม | E60: Prior blocking | F60: 11_Consent | ม.19 | G60: Must | H60: P1 | I60: กฎ blocking ต่อ script / โดเมน | J60: auto-blocking ใน SDK (MutationObserver + rewrite type=text/plain), Google Consent Mode v2, GTM template, event สำหรับ tag manager | K60: ก่อนยินยอมไม่มีคุกกี้ Analytics / Marketing ถูกตั้ง (Playwright test บนเว็บตัวอย่าง) | L60: CON-02 | M60: S | N60: L | O60: N | P60: =IFERROR(VLOOKUP($M60,Assumptions!$A$15:$B$20,2,FALSE()),0) -> 3 | Q60: =IFERROR(VLOOKUP($N60,Assumptions!$A$15:$B$20,2,FALSE()),0) -> 10 | R60: =ROUND((P60+Q60)*Assumptions!$B$8,1) -> 1.6 | S60: =IF($O60="Y",ROUND(Q60*Assumptions!$B$9,1),0) -> 0 | T60: =ROUND((P60+Q60)*Assumptions!$B$10,1) -> 4.6 | U60: =SUM(P60:T60) -> 19.2 | V60: มี
A61: CON-04 | B61: CON | C61: คุกกี้และความยินยอม (Cookies & Consent) | D61: สแกนและจัดหมวดคุกกี้อัตโนมัติ | E61: Cookie scanner | F61: 11_Consent | ม.23 | G61: Should | H61: P1 | I61: scanner worker (Go + chromedp): crawl sitemap / ลิงก์, เก็บคุกกี้ localStorage และ request ไปโดเมนภายนอก, จัดหมวดจากฐานข้อมูลคุกกี้ + กฎของ tenant, สแกนตามรอบ, แจ้งคุกกี้ใหม่ | J61: หน้าเริ่มสแกน / ผลสแกน, จัดหมวดคุกกี้ที่ไม่รู้จัก, เทียบกับรอบก่อน | K61: สแกนเว็บ 200 หน้าเสร็จภายใน 30 นาที และคุกกี้ใหม่ถูกแจ้งเตือน | L61: PLT-10 | M61: L | N61: M | O61: Y | P61: =IFERROR(VLOOKUP($M61,Assumptions!$A$15:$B$20,2,FALSE()),0) -> 10 | Q61: =IFERROR(VLOOKUP($N61,Assumptions!$A$15:$B$20,2,FALSE()),0) -> 5 | R61: =ROUND((P61+Q61)*Assumptions!$B$8,1) -> 1.8 | S61: =IF($O61="Y",ROUND(Q61*Assumptions!$B$9,1),0) -> 2 | T61: =ROUND((P61+Q61)*Assumptions!$B$10,1) -> 5.3 | U61: =SUM(P61:T61) -> 24.1 | V61: มี | W61: ดึงเข้า P1: แบนเนอร์ที่ไม่มี scanner แข่งในตลาดยาก
A62: CON-06 | B62: CON | C62: คุกกี้และความยินยอม (Cookies & Consent) | D62: ปรับแต่งดีไซน์และหลายภาษา | E62: Branding & multi-language | F62: 11_Consent | แนวปฏิบัติตลาด | G62: Should | H62: P1 | I62: theme (สี โลโก้ ตำแหน่ง layout), custom CSS แบบจำกัด, ข้อความ TH/EN + ภาษาอื่น, ตรวจภาษา browser | J62: editor ปรับดีไซน์ + preview หลายขนาดจอ | K62: เปลี่ยนดีไซน์แล้วเห็นผลใน preview และบนเว็บหลัง publish | L62: CON-01 | M62: S | N62: M | O62: Y | P62: =IFERROR(VLOOKUP($M62,Assumptions!$A$15:$B$20,2,FALSE()),0) -> 3 | Q62: =IFERROR(VLOOKUP($N62,Assumptions!$A$15:$B$20,2,FALSE()),0) -> 5 | R62: =ROUND((P62+Q62)*Assumptions!$B$8,1) -> 1 | S62: =IF($O62="Y",ROUND(Q62*Assumptions!$B$9,1),0) -> 2 | T62: =ROUND((P62+Q62)*Assumptions!$B$10,1) -> 2.8 | U62: =SUM(P62:T62) -> 13.8 | V62: มี | W62: ดึงเข้า P1 เพราะเป็นส่วนหนึ่งของแบนเนอร์ที่ลูกค้าใช้จริง
A63: CON-09 | B63: CON | C63: คุกกี้และความยินยอม (Cookies & Consent) | D63: แบบฟอร์มขอความยินยอม (Collection Point) | E63: Consent form builder | F63: 11_Consent | ม.19 วรรคสาม-สี่ | G63: Must | H63: P1 | I63: Purpose, Data Element, Purpose Preference, Collection Point ตาม FSD V3.2; ฟอร์มผูกหลาย Purpose, checklist ม.19 (แยกข้อความ / ไม่ผูกเงื่อนไขเกินจำเป็น) ก่อน publish | J63: form builder (PLT-06) + ลิงก์ / embed / QR / API endpoint | K63: ฟอร์มที่ publish แล้วรับความยินยอมแยกรายวัตถุประสงค์และออก receipt ทุกครั้ง | L63: PLT-06, CON-12 | M63: M | N63: M | O63: Y | P63: =IFERROR(VLOOKUP($M63,Assumptions!$A$15:$B$20,2,FALSE()),0) -> 5 | Q63: =IFERROR(VLOOKUP($N63,Assumptions!$A$15:$B$20,2,FALSE()),0) -> 5 | R63: =ROUND((P63+Q63)*Assumptions!$B$8,1) -> 1.2 | S63: =IF($O63="Y",ROUND(Q63*Assumptions!$B$9,1),0) -> 2 | T63: =ROUND((P63+Q63)*Assumptions!$B$10,1) -> 3.5 | U63: =SUM(P63:T63) -> 16.7 | V63: มี | W63: ย้าย domain model จากระบบ Consent เดิม
A64: CON-10 | B64: CON | C64: คุกกี้และความยินยอม (Cookies & Consent) | D64: ความยินยอมโดยชัดแจ้งสำหรับข้อมูลอ่อนไหว | E64: Explicit consent for sensitive data | F64: 11_Consent | ม.26 | G64: Must | H64: P1 | I64: Purpose ที่ใช้ข้อมูล ม.26 ต้องมีช่องยินยอมแยกและข้อความเฉพาะ ตรวจตอน publish | J64: ส่วนตั้งค่าข้อมูลอ่อนไหวใน Purpose | K64: publish ไม่ได้ถ้า Purpose ข้อมูลอ่อนไหวไม่มีช่องยินยอมแยก | L64: CON-09, ORG-07 | M64: S | N64: S | O64: N | P64: =IFERROR(VLOOKUP($M64,Assumptions!$A$15:$B$20,2,FALSE()),0) -> 3 | Q64: =IFERROR(VLOOKUP($N64,Assumptions!$A$15:$B$20,2,FALSE()),0) -> 3 | R64: =ROUND((P64+Q64)*Assumptions!$B$8,1) -> 0.7 | S64: =IF($O64="Y",ROUND(Q64*Assumptions!$B$9,1),0) -> 0 | T64: =ROUND((P64+Q64)*Assumptions!$B$10,1) -> 2.1 | U64: =SUM(P64:T64) -> 8.8 | V64: มีบางส่วน
A65: CON-11 | B65: CON | C65: คุกกี้และความยินยอม (Cookies & Consent) | D65: ความยินยอมผู้เยาว์และผู้ปกครอง | E65: Minor / guardian consent | F65: 11_Consent | ม.20 | G65: Must | H65: P1 | I65: ตรวจอายุตาม ม.20 (ไม่เกิน 10 ปีผู้ปกครองให้ความยินยอม, 10-20 ปีตามเงื่อนไข), ผูกโปรไฟล์ผู้ปกครอง-ผู้เยาว์, ส่งคำขอยืนยันให้ผู้ปกครอง | J65: ขั้นตอนผู้เยาว์ในฟอร์ม + หน้าผู้ปกครองยืนยัน | K65: ความยินยอมที่ต้องได้จากผู้ปกครองมีผลเมื่อผู้ปกครองยืนยันแล้วเท่านั้น | L65: CON-09, IAM-05 | M65: M | N65: M | O65: Y | P65: =IFERROR(VLOOKUP($M65,Assumptions!$A$15:$B$20,2,FALSE()),0) -> 5 | Q65: =IFERROR(VLOOKUP($N65,Assumptions!$A$15:$B$20,2,FALSE()),0) -> 5 | R65: =ROUND((P65+Q65)*Assumptions!$B$8,1) -> 1.2 | S65: =IF($O65="Y",ROUND(Q65*Assumptions!$B$9,1),0) -> 2 | T65: =ROUND((P65+Q65)*Assumptions!$B$10,1) -> 3.5 | U65: =SUM(P65:T65) -> 16.7 | V65: มี
A66: CON-12 | B66: CON | C66: คุกกี้และความยินยอม (Cookies & Consent) | D66: เวอร์ชันข้อความยินยอม | E66: Consent versioning | F66: 11_Consent | ม.19, ม.21 | G66: Must | H66: P1 | I66: Purpose และข้อความมีเวอร์ชัน, receipt ผูกเวอร์ชัน, เปลี่ยนวัตถุประสงค์แล้วทำเครื่องหมาย re-consent | J66: หน้าเวอร์ชันของ Purpose + diff | K66: ย้อนดูได้ว่าแต่ละคนยินยอมข้อความเวอร์ชันใด | L66: PLT-08 | M66: M | N66: S | O66: N | P66: =IFERROR(VLOOKUP($M66,Assumptions!$A$15:$B$20,2,FALSE()),0) -> 5 | Q66: =IFERROR(VLOOKUP($N66,Assumptions!$A$15:$B$20,2,FALSE()),0) -> 3 | R66: =ROUND((P66+Q66)*Assumptions!$B$8,1) -> 1 | S66: =IF($O66="Y",ROUND(Q66*Assumptions!$B$9,1),0) -> 0 | T66: =ROUND((P66+Q66)*Assumptions!$B$10,1) -> 2.8 | U66: =SUM(P66:T66) -> 11.8 | V66: มี
A67: CON-13 | B67: CON | C67: คุกกี้และความยินยอม (Cookies & Consent) | D67: ถอนความยินยอม | E67: Consent withdrawal | F67: 11_Consent | ม.19 วรรคห้า | G67: Must | H67: P1 | I67: ถอนผ่าน preference center / API / พนักงาน, เลือกเหตุผล, มีผลทันที, event consent.withdrawn → webhook ไประบบปลายทาง + ติดตามการยืนยัน | J67: ปุ่มถอนใน preference center และหน้าพนักงาน | K67: ถอนแล้วสถานะเปลี่ยนทันทีและระบบปลายทางได้รับ event ภายใน 1 นาที | L67: CON-15, PLT-11 | M67: M | N67: S | O67: N | P67: =IFERROR(VLOOKUP($M67,Assumptions!$A$15:$B$20,2,FALSE()),0) -> 5 | Q67: =IFERROR(VLOOKUP($N67,Assumptions!$A$15:$B$20,2,FALSE()),0) -> 3 | R67: =ROUND((P67+Q67)*Assumptions!$B$8,1) -> 1 | S67: =IF($O67="Y",ROUND(Q67*Assumptions!$B$9,1),0) -> 0 | T67: =ROUND((P67+Q67)*Assumptions!$B$10,1) -> 2.8 | U67: =SUM(P67:T67) -> 11.8 | V67: มี
A68: CON-14 | B68: CON | C68: คุกกี้และความยินยอม (Cookies & Consent) | D68: เก็บความยินยอมหลายช่องทาง | E68: Omni-channel capture | F68: 11_Consent | ม.19 | G68: Must | H68: P1 | I68: API สำหรับ POS / Call center / Kiosk, บันทึกแทนลูกค้า (on behalf) พร้อมผู้บันทึกและสาขา, QR code ต่อ collection point, แนบไฟล์สแกนเอกสารกระดาษ | J68: หน้าพนักงานบันทึกความยินยอม (โหมดแท็บเล็ต), สร้าง QR, ตัวอย่าง LINE LIFF | K68: ทุกช่องทางได้ receipt รูปแบบเดียวกันและระบุช่องทาง / ผู้บันทึก | L68: CON-16, IAM-02 | M68: M | N68: M | O68: Y | P68: =IFERROR(VLOOKUP($M68,Assumptions!$A$15:$B$20,2,FALSE()),0) -> 5 | Q68: =IFERROR(VLOOKUP($N68,Assumptions!$A$15:$B$20,2,FALSE()),0) -> 5 | R68: =ROUND((P68+Q68)*Assumptions!$B$8,1) -> 1.2 | S68: =IF($O68="Y",ROUND(Q68*Assumptions!$B$9,1),0) -> 2 | T68: =ROUND((P68+Q68)*Assumptions!$B$10,1) -> 3.5 | U68: =SUM(P68:T68) -> 16.7 | V68: มีบางส่วน
A69: CON-15 | B69: CON | C69: คุกกี้และความยินยอม (Cookies & Consent) | D69: หลักฐานความยินยอม (Receipt) | E69: Consent receipt & log | F69: 11_Consent | ม.19 | G69: Must | H69: P1 | I69: Consent Transaction แบบ append-only (partition รายเดือน), receipt ID, hash chain ต่อเจ้าของข้อมูล, ประเภทรายการ, IP / อุปกรณ์ / ช่องทาง / เวอร์ชัน; Data Subject Profile รวมสถานะล่าสุด; ส่ง receipt ทางอีเมล | J69: หน้า profile + ประวัติรายการ | K69: แก้หรือลบ transaction ไม่ได้ และตรวจย้อนหลังได้ว่าความยินยอมมาจากเวอร์ชันและช่องทางใด | L69: PLT-13, PLT-12 | M69: L | N69: S | O69: N | P69: =IFERROR(VLOOKUP($M69,Assumptions!$A$15:$B$20,2,FALSE()),0) -> 10 | Q69: =IFERROR(VLOOKUP($N69,Assumptions!$A$15:$B$20,2,FALSE()),0) -> 3 | R69: =ROUND((P69+Q69)*Assumptions!$B$8,1) -> 1.6 | S69: =IF($O69="Y",ROUND(Q69*Assumptions!$B$9,1),0) -> 0 | T69: =ROUND((P69+Q69)*Assumptions!$B$10,1) -> 4.6 | U69: =SUM(P69:T69) -> 19.2 | V69: มี | W69: Consent Transaction ตาม FSD V3.2
A70: CON-16 | B70: CON | C70: คุกกี้และความยินยอม (Cookies & Consent) | D70: REST API และ Webhook | E70: Consent API & webhook | F70: 11_Consent | แนวปฏิบัติตลาด | G70: Must | H70: P1 | I70: API ตรวจสถานะความยินยอม real-time (cache ใน Valkey), สร้าง/แก้ profile, บันทึก transaction (idempotency key), bulk query; webhook consent.changed | J70: หน้าเอกสาร API และตัวอย่างใน developer portal | K70: ผ่าน load test ตามเป้า TPS ที่ตกลง (T22) และ p95 ต่ำกว่า 200 ms | L70: PLT-15, ORG-16 | M70: L | N70: S | O70: N | P70: =IFERROR(VLOOKUP($M70,Assumptions!$A$15:$B$20,2,FALSE()),0) -> 10 | Q70: =IFERROR(VLOOKUP($N70,Assumptions!$A$15:$B$20,2,FALSE()),0) -> 3 | R70: =ROUND((P70+Q70)*Assumptions!$B$8,1) -> 1.6 | S70: =IF($O70="Y",ROUND(Q70*Assumptions!$B$9,1),0) -> 0 | T70: =ROUND((P70+Q70)*Assumptions!$B$10,1) -> 4.6 | U70: =SUM(P70:T70) -> 19.2 | V70: มี
A71: CON-17 | B71: CON | C71: คุกกี้และความยินยอม (Cookies & Consent) | D71: ความปลอดภัยและที่เก็บข้อมูล | E71: Security & data residency | F71: 11_Consent | ประกาศมาตรการความปลอดภัย พ.ศ. 2565 | G71: Must | H71: P1 | I71: ใช้บริการกลาง: เข้ารหัส identifier, สิทธิ์ตาม role/scope, เก็บข้อมูลบน cloud ในไทย; งานที่เหลือคือ config และทดสอบ | J71: แสดงตำแหน่งที่เก็บข้อมูลในหน้าตั้งค่า | K71: ผลทดสอบยืนยันว่าข้อมูลความยินยอมเข้ารหัสและอยู่ใน region ที่กำหนด | L71: PLT-13 | M71: S | N71: XS | O71: N | P71: =IFERROR(VLOOKUP($M71,Assumptions!$A$15:$B$20,2,FALSE()),0) -> 3 | Q71: =IFERROR(VLOOKUP($N71,Assumptions!$A$15:$B$20,2,FALSE()),0) -> 1 | R71: =ROUND((P71+Q71)*Assumptions!$B$8,1) -> 0.5 | S71: =IF($O71="Y",ROUND(Q71*Assumptions!$B$9,1),0) -> 0 | T71: =ROUND((P71+Q71)*Assumptions!$B$10,1) -> 1.4 | U71: =SUM(P71:T71) -> 5.9 | V71: มีบางส่วน
A72: CON-18 | B72: CON | C72: คุกกี้และความยินยอม (Cookies & Consent) | D72: ศูนย์ตั้งค่าความเป็นส่วนตัว | E72: Preference center | F72: 11_Consent | ม.19 | G72: Should | H72: P1 | I72: API preference center: ดู/แก้ความยินยอมและช่องทางสื่อสาร (Purpose Preference), session ของเจ้าของข้อมูล | J72: หน้า preference center ใน portal (magic link / OTP, TH/EN, branding) | K72: เจ้าของข้อมูลแก้ทางเลือกได้เองและได้ receipt ทุกครั้ง | L72: IAM-05, PLT-17 | M72: M | N72: M | O72: Y | P72: =IFERROR(VLOOKUP($M72,Assumptions!$A$15:$B$20,2,FALSE()),0) -> 5 | Q72: =IFERROR(VLOOKUP($N72,Assumptions!$A$15:$B$20,2,FALSE()),0) -> 5 | R72: =ROUND((P72+Q72)*Assumptions!$B$8,1) -> 1.2 | S72: =IF($O72="Y",ROUND(Q72*Assumptions!$B$9,1),0) -> 2 | T72: =ROUND((P72+Q72)*Assumptions!$B$10,1) -> 3.5 | U72: =SUM(P72:T72) -> 16.7 | V72: มี | W72: ดึงเข้า P1: ต้องมีช่องทางถอนที่ง่ายเท่ากับการให้ (ม.19)
A73: CON-19 | B73: CON | C73: คุกกี้และความยินยอม (Cookies & Consent) | D73: ยืนยันตัวตนก่อนบันทึก | E73: Identity verification | F73: 11_Consent | แนวปฏิบัติตลาด | G73: Should | H73: P1 | I73: ตั้งวิธียืนยันตัวตนต่อ collection point (ไม่ต้อง / OTP / magic link / IdP ภายนอก) ผ่าน IAM-05 | J73: ตัวเลือกวิธียืนยันในหน้าตั้งค่า collection point | K73: collection point ที่บังคับ OTP บันทึกได้เมื่อยืนยันผ่านเท่านั้น | L73: IAM-05 | M73: S | N73: S | O73: N | P73: =IFERROR(VLOOKUP($M73,Assumptions!$A$15:$B$20,2,FALSE()),0) -> 3 | Q73: =IFERROR(VLOOKUP($N73,Assumptions!$A$15:$B$20,2,FALSE()),0) -> 3 | R73: =ROUND((P73+Q73)*Assumptions!$B$8,1) -> 0.7 | S73: =IF($O73="Y",ROUND(Q73*Assumptions!$B$9,1),0) -> 0 | T73: =ROUND((P73+Q73)*Assumptions!$B$10,1) -> 2.1 | U73: =SUM(P73:T73) -> 8.8 | V73: มีบางส่วน
A74: CON-21 | B74: CON | C74: คุกกี้และความยินยอม (Cookies & Consent) | D74: ค้นหา แดชบอร์ด และส่งออก | E74: Search, dashboard & export | F74: 11_Consent | ม.39 | G74: Should | H74: P1 | I74: ค้นหาตามบุคคล (blind index) / Purpose, สถิติอัตรายินยอม/ถอน, export แบบ async, Reconcile Report เทียบสถานะกับระบบปลายทาง | J74: หน้าค้นหา, dashboard และหน้า reconcile | K74: ค้นหาด้วยอีเมลหรือเบอร์ได้โดยไม่ต้องถอดรหัสทั้งตาราง และรายงาน reconcile แสดงรายการที่ไม่ตรง | L74: PLT-18 | M74: M | N74: M | O74: Y | P74: =IFERROR(VLOOKUP($M74,Assumptions!$A$15:$B$20,2,FALSE()),0) -> 5 | Q74: =IFERROR(VLOOKUP($N74,Assumptions!$A$15:$B$20,2,FALSE()),0) -> 5 | R74: =ROUND((P74+Q74)*Assumptions!$B$8,1) -> 1.2 | S74: =IF($O74="Y",ROUND(Q74*Assumptions!$B$9,1),0) -> 2 | T74: =ROUND((P74+Q74)*Assumptions!$B$10,1) -> 3.5 | U74: =SUM(P74:T74) -> 16.7 | V74: มี | W74: Reconcile Report ตาม FSD V3.2; ดึงเข้า P1
A75: CON-22 | B75: CON | C75: คุกกี้และความยินยอม (Cookies & Consent) | D75: นำเข้าความยินยอมเดิม | E75: Bulk import | F75: 11_Consent | แนวปฏิบัติตลาด | G75: Should | H75: P1 | I75: นำเข้าความยินยอมเดิมพร้อมวันที่และช่องทางเดิม, map Purpose, ตรวจซ้ำ, ทำเครื่องหมายว่าเป็นข้อมูลนำเข้า | J75: wizard นำเข้า (PLT-14) + รายงานผล | K75: ข้อมูลจากระบบ Consent เดิมนำเข้าครบและ reconcile ยอดตรง | L75: PLT-14, CON-15 | M75: M | N75: S | O75: N | P75: =IFERROR(VLOOKUP($M75,Assumptions!$A$15:$B$20,2,FALSE()),0) -> 5 | Q75: =IFERROR(VLOOKUP($N75,Assumptions!$A$15:$B$20,2,FALSE()),0) -> 3 | R75: =ROUND((P75+Q75)*Assumptions!$B$8,1) -> 1 | S75: =IF($O75="Y",ROUND(Q75*Assumptions!$B$9,1),0) -> 0 | T75: =ROUND((P75+Q75)*Assumptions!$B$10,1) -> 2.8 | U75: =SUM(P75:T75) -> 11.8 | V75: มี | W75: ดึงเข้า P1 เพื่อย้ายข้อมูลตอน go-live (T26)
A76: CON-05 | B76: CON | C76: คุกกี้และความยินยอม (Cookies & Consent) | D76: นโยบายคุกกี้อัตโนมัติ | E76: Auto cookie policy | F76: 11_Consent | ม.23 | G76: Should | H76: P3 | I76: สร้างตารางคุกกี้ TH/EN จากผลสแกน อัปเดตเมื่อ publish | J76: embed script / iframe สำหรับหน้า Cookie Policy | K76: ตารางในหน้า Cookie Policy ตรงกับผลสแกนล่าสุด | L76: CON-04 | M76: S | N76: S | O76: N | P76: =IFERROR(VLOOKUP($M76,Assumptions!$A$15:$B$20,2,FALSE()),0) -> 3 | Q76: =IFERROR(VLOOKUP($N76,Assumptions!$A$15:$B$20,2,FALSE()),0) -> 3 | R76: =ROUND((P76+Q76)*Assumptions!$B$8,1) -> 0.7 | S76: =IF($O76="Y",ROUND(Q76*Assumptions!$B$9,1),0) -> 0 | T76: =ROUND((P76+Q76)*Assumptions!$B$10,1) -> 2.1 | U76: =SUM(P76:T76) -> 8.8 | V76: มี
A77: CON-07 | B77: CON | C77: คุกกี้และความยินยอม (Cookies & Consent) | D77: หลายโดเมนและ Mobile SDK | E77: Multi-domain & mobile SDK | F77: 11_Consent | แนวปฏิบัติตลาดไทย | G77: Should | H77: P3 | I77: จัดการหลายโดเมน / แอปต่อ tenant, config แยก, API สำหรับ mobile | J77: Mobile SDK (iOS Swift, Android Kotlin หรือ Flutter / React Native wrapper) + ตัวอย่าง LINE LIFF ด้วย JS SDK | K77: แอปตัวอย่างบันทึกและอ่านสถานะความยินยอมผ่าน SDK ได้ | L77: CON-16 | M77: M | N77: L | O77: N | P77: =IFERROR(VLOOKUP($M77,Assumptions!$A$15:$B$20,2,FALSE()),0) -> 5 | Q77: =IFERROR(VLOOKUP($N77,Assumptions!$A$15:$B$20,2,FALSE()),0) -> 10 | R77: =ROUND((P77+Q77)*Assumptions!$B$8,1) -> 1.8 | S77: =IF($O77="Y",ROUND(Q77*Assumptions!$B$9,1),0) -> 0 | T77: =ROUND((P77+Q77)*Assumptions!$B$10,1) -> 5.3 | U77: =SUM(P77:T77) -> 22.1 | V77: มีบางส่วน | W77: Mobile SDK อาจจ้างนักพัฒนา mobile ภายนอก
A78: CON-20 | B78: CON | C78: คุกกี้และความยินยอม (Cookies & Consent) | D78: วันหมดอายุและต่ออายุ | E78: Consent expiry & renewal | F78: 11_Consent | แนวปฏิบัติตลาด | G78: Should | H78: P3 | I78: อายุต่อ Purpose, job ตรวจหมดอายุรายวัน → สถานะ EXPIRED + event, แจ้งเตือนต่ออายุ, transaction EXTEND | J78: ตั้งอายุใน Purpose + รายการที่ใกล้หมดอายุ | K78: ความยินยอมที่ครบอายุเปลี่ยนสถานะอัตโนมัติและระบบปลายทางได้รับ event | L78: PLT-10 | M78: M | N78: S | O78: N | P78: =IFERROR(VLOOKUP($M78,Assumptions!$A$15:$B$20,2,FALSE()),0) -> 5 | Q78: =IFERROR(VLOOKUP($N78,Assumptions!$A$15:$B$20,2,FALSE()),0) -> 3 | R78: =ROUND((P78+Q78)*Assumptions!$B$8,1) -> 1 | S78: =IF($O78="Y",ROUND(Q78*Assumptions!$B$9,1),0) -> 0 | T78: =ROUND((P78+Q78)*Assumptions!$B$10,1) -> 2.8 | U78: =SUM(P78:T78) -> 11.8 | V78: มี
A79: CON-23 | B79: CON | C79: คุกกี้และความยินยอม (Cookies & Consent) | D79: Double Opt-In | E79: Double opt-in | F79: 11_Consent | แนวปฏิบัติตลาด | G79: Should | H79: P3 | I79: สถานะ PENDING → CONFIRMED / CANCELLED ผ่านลิงก์อีเมล / SMS ที่มีวันหมดอายุ | J79: ตั้งค่า double opt-in ต่อ collection point + หน้ายืนยัน | K79: ความยินยอมมีผลหลังยืนยันเท่านั้น | L79: IAM-05 | M79: S | N79: S | O79: N | P79: =IFERROR(VLOOKUP($M79,Assumptions!$A$15:$B$20,2,FALSE()),0) -> 3 | Q79: =IFERROR(VLOOKUP($N79,Assumptions!$A$15:$B$20,2,FALSE()),0) -> 3 | R79: =ROUND((P79+Q79)*Assumptions!$B$8,1) -> 0.7 | S79: =IF($O79="Y",ROUND(Q79*Assumptions!$B$9,1),0) -> 0 | T79: =ROUND((P79+Q79)*Assumptions!$B$10,1) -> 2.1 | U79: =SUM(P79:T79) -> 8.8 | V79: มี
A80: CON-24 | B80: CON | C80: คุกกี้และความยินยอม (Cookies & Consent) | D80: ส่งคำขอความยินยอมแบบ Bulk | E80: Bulk consent request campaign | F80: 11_Consent | แนวปฏิบัติตลาด | G80: Should | H80: P3 | I80: เลือกกลุ่มเป้าหมาย, ส่งลิงก์ขอความยินยอมทางอีเมล / SMS / LINE แบบทยอย, ติดตามผู้ตอบ, ส่งซ้ำ | J80: หน้าสร้างแคมเปญ + สถิติการตอบ | K80: แคมเปญแสดงจำนวนส่ง / เปิด / ตอบ และส่งซ้ำเฉพาะผู้ยังไม่ตอบได้ | L80: PLT-04, CON-18 | M80: M | N80: M | O80: Y | P80: =IFERROR(VLOOKUP($M80,Assumptions!$A$15:$B$20,2,FALSE()),0) -> 5 | Q80: =IFERROR(VLOOKUP($N80,Assumptions!$A$15:$B$20,2,FALSE()),0) -> 5 | R80: =ROUND((P80+Q80)*Assumptions!$B$8,1) -> 1.2 | S80: =IF($O80="Y",ROUND(Q80*Assumptions!$B$9,1),0) -> 2 | T80: =ROUND((P80+Q80)*Assumptions!$B$10,1) -> 3.5 | U80: =SUM(P80:T80) -> 16.7 | V80: มีบางส่วน
A81: CON-08 | B81: CON | C81: คุกกี้และความยินยอม (Cookies & Consent) | D81: A/B testing และวัด consent rate | E81: Banner A/B testing | F81: 11_Consent | แนวโน้มตลาด | G81: Nice-to-have | H81: P4 | I81: variant แบนเนอร์, สุ่มแบ่งผู้เข้าชม, วัด opt-in rate ต่อ variant | J81: หน้าสร้าง variant และรายงานผลเปรียบเทียบ | K81: ผลการทดลองแสดงอัตรายินยอมต่อ variant พร้อมจำนวนตัวอย่าง | L81: CON-01, PLT-18 | M81: M | N81: M | O81: Y | P81: =IFERROR(VLOOKUP($M81,Assumptions!$A$15:$B$20,2,FALSE()),0) -> 5 | Q81: =IFERROR(VLOOKUP($N81,Assumptions!$A$15:$B$20,2,FALSE()),0) -> 5 | R81: =ROUND((P81+Q81)*Assumptions!$B$8,1) -> 1.2 | S81: =IF($O81="Y",ROUND(Q81*Assumptions!$B$9,1),0) -> 2 | T81: =ROUND((P81+Q81)*Assumptions!$B$10,1) -> 3.5 | U81: =SUM(P81:T81) -> 16.7 | V81: มี
A82: PNG-01 | B82: PNG | C82: ประกาศความเป็นส่วนตัว (Privacy Notice Generator) | D82: สร้างประกาศแบบถาม-ตอบ | E82: Wizard-based generator | F82: 13_Notice | ม.23 | G82: Must | H82: P1 | I82: wizard definition (คำถาม → ส่วนของประกาศ), ประกอบเนื้อหาจากคำตอบ + master data + ข้อมูลองค์กรด้วย document composer | J82: wizard ทีละขั้น + preview คู่ขนาน + แก้ข้อความใน editor | K82: ผู้ใช้ที่ไม่มีพื้นฐานกฎหมายสร้างร่างประกาศครบหัวข้อได้ภายใน 30 นาที | L82: PLT-16, ORG-07 | M82: M | N82: L | O82: Y | P82: =IFERROR(VLOOKUP($M82,Assumptions!$A$15:$B$20,2,FALSE()),0) -> 5 | Q82: =IFERROR(VLOOKUP($N82,Assumptions!$A$15:$B$20,2,FALSE()),0) -> 10 | R82: =ROUND((P82+Q82)*Assumptions!$B$8,1) -> 1.8 | S82: =IF($O82="Y",ROUND(Q82*Assumptions!$B$9,1),0) -> 4 | T82: =ROUND((P82+Q82)*Assumptions!$B$10,1) -> 5.3 | U82: =SUM(P82:T82) -> 26.1 | V82: มีบางส่วน | W82: OneTrust ไม่มี wizard (จุดต่าง)
A83: PNG-02 | B83: PNG | C83: ประกาศความเป็นส่วนตัว (Privacy Notice Generator) | D83: ตรวจเนื้อหาครบตาม ม.23 | E83: Mandatory content checklist | F83: 13_Notice | ม.23 (1)-(6) | G83: Must | H83: P1 | I83: rule ตรวจ 6 หัวข้อ ม.23 ก่อน publish, บล็อก publish ถ้าขาดหัวข้อบังคับ (ตั้งค่าได้) | J83: แผงตรวจความครบ + ลิงก์ไปส่วนที่ขาด | K83: ประกาศที่ขาดหัวข้อบังคับ publish ไม่ได้ | L83: PNG-01 | M83: S | N83: S | O83: N | P83: =IFERROR(VLOOKUP($M83,Assumptions!$A$15:$B$20,2,FALSE()),0) -> 3 | Q83: =IFERROR(VLOOKUP($N83,Assumptions!$A$15:$B$20,2,FALSE()),0) -> 3 | R83: =ROUND((P83+Q83)*Assumptions!$B$8,1) -> 0.7 | S83: =IF($O83="Y",ROUND(Q83*Assumptions!$B$9,1),0) -> 0 | T83: =ROUND((P83+Q83)*Assumptions!$B$10,1) -> 2.1 | U83: =SUM(P83:T83) -> 8.8 | V83: ไม่มี | W83: OneTrust ไม่มี (จุดต่าง)
A84: PNG-03 | B84: PNG | C84: ประกาศความเป็นส่วนตัว (Privacy Notice Generator) | D84: แม่แบบตามกลุ่มเจ้าของข้อมูล | E84: Templates by data subject | F84: 13_Notice | แนวปฏิบัติตลาดไทย | G84: Must | H84: P1 | I84: template ตั้งต้น 8 กลุ่มเจ้าของข้อมูล TH/EN (เนื้อหาจาก T15) | J84: หน้าเลือก template ตามกลุ่ม | K84: เลือก template แล้วได้ร่างประกาศของกลุ่มนั้นทันที | L84: PNG-01, T15 | M84: S | N84: S | O84: N | P84: =IFERROR(VLOOKUP($M84,Assumptions!$A$15:$B$20,2,FALSE()),0) -> 3 | Q84: =IFERROR(VLOOKUP($N84,Assumptions!$A$15:$B$20,2,FALSE()),0) -> 3 | R84: =ROUND((P84+Q84)*Assumptions!$B$8,1) -> 0.7 | S84: =IF($O84="Y",ROUND(Q84*Assumptions!$B$9,1),0) -> 0 | T84: =ROUND((P84+Q84)*Assumptions!$B$10,1) -> 2.1 | U84: =SUM(P84:T84) -> 8.8 | V84: มีบางส่วน
A85: PNG-04 | B85: PNG | C85: ประกาศความเป็นส่วนตัว (Privacy Notice Generator) | D85: ประกาศกรณีเก็บจากแหล่งอื่น | E85: Indirect collection notice | F85: 13_Notice | ม.25 | G85: Must | H85: P1 | I85: บันทึกการได้ข้อมูลจากแหล่งอื่น (แหล่ง วันที่ จำนวน), นับ 30 วัน, แจ้งเตือน, ส่งประกาศทางอีเมล / SMS หรือบันทึกวิธีแจ้ง + หลักฐาน | J85: หน้ารายการที่ต้องแจ้ง + ตัวนับวัน | K85: ระบบเตือนก่อนครบ 30 วัน และปิดรายการได้เมื่อมีหลักฐานการแจ้ง | L85: PLT-05, PLT-04 | M85: M | N85: S | O85: N | P85: =IFERROR(VLOOKUP($M85,Assumptions!$A$15:$B$20,2,FALSE()),0) -> 5 | Q85: =IFERROR(VLOOKUP($N85,Assumptions!$A$15:$B$20,2,FALSE()),0) -> 3 | R85: =ROUND((P85+Q85)*Assumptions!$B$8,1) -> 1 | S85: =IF($O85="Y",ROUND(Q85*Assumptions!$B$9,1),0) -> 0 | T85: =ROUND((P85+Q85)*Assumptions!$B$10,1) -> 2.8 | U85: =SUM(P85:T85) -> 11.8 | V85: ไม่มี | W85: OneTrust ไม่มี (จุดต่าง)
A86: PNG-05 | B86: PNG | C86: ประกาศความเป็นส่วนตัว (Privacy Notice Generator) | D86: ประกาศสองภาษา | E86: TH/EN notices | F86: 13_Notice | ม.23 | G86: Must | H86: P1 | I86: เนื้อหาคู่ขนานหลายภาษาใน composer, ตรวจว่าทุกภาษาเผยแพร่เวอร์ชันเดียวกัน, เพิ่มภาษาแรงงานต่างชาติ | J86: สลับภาษาใน editor และ preview | K86: publish ไม่ได้ถ้าฉบับแปลยังไม่อัปเดตตามเวอร์ชันล่าสุด (ตั้งค่าได้) | L86: PLT-03 | M86: S | N86: S | O86: N | P86: =IFERROR(VLOOKUP($M86,Assumptions!$A$15:$B$20,2,FALSE()),0) -> 3 | Q86: =IFERROR(VLOOKUP($N86,Assumptions!$A$15:$B$20,2,FALSE()),0) -> 3 | R86: =ROUND((P86+Q86)*Assumptions!$B$8,1) -> 0.7 | S86: =IF($O86="Y",ROUND(Q86*Assumptions!$B$9,1),0) -> 0 | T86: =ROUND((P86+Q86)*Assumptions!$B$10,1) -> 2.1 | U86: =SUM(P86:T86) -> 8.8 | V86: มีบางส่วน
A87: PNG-06 | B87: PNG | C87: ประกาศความเป็นส่วนตัว (Privacy Notice Generator) | D87: จัดการเวอร์ชัน | E87: Versioning | F87: 13_Notice | ม.23 | G87: Must | H87: P1 | I87: เวอร์ชัน + วันมีผล + diff (PLT-08 / PLT-16) | J87: หน้าประวัติเวอร์ชันและเปรียบเทียบ | K87: หน้า public แสดงเวอร์ชันปัจจุบันและดูประวัติย้อนหลังได้ | L87: PLT-08 | M87: S | N87: S | O87: N | P87: =IFERROR(VLOOKUP($M87,Assumptions!$A$15:$B$20,2,FALSE()),0) -> 3 | Q87: =IFERROR(VLOOKUP($N87,Assumptions!$A$15:$B$20,2,FALSE()),0) -> 3 | R87: =ROUND((P87+Q87)*Assumptions!$B$8,1) -> 0.7 | S87: =IF($O87="Y",ROUND(Q87*Assumptions!$B$9,1),0) -> 0 | T87: =ROUND((P87+Q87)*Assumptions!$B$10,1) -> 2.1 | U87: =SUM(P87:T87) -> 8.8 | V87: มี
A88: PNG-07 | B88: PNG | C88: ประกาศความเป็นส่วนตัว (Privacy Notice Generator) | D88: แจ้งการเปลี่ยนแปลงและขอความยินยอมใหม่ | E88: Change notification | F88: 13_Notice | ม.21 | G88: Must | H88: P1 | I88: เมื่อ publish เวอร์ชันใหม่: ระบุว่าเปลี่ยนสาระสำคัญหรือไม่, ส่งแจ้งเจ้าของข้อมูล, ถ้าเปลี่ยนวัตถุประสงค์ → สร้างคำขอความยินยอมใหม่ใน CON | J88: ขั้นตอนยืนยันการแจ้งเปลี่ยนแปลงตอน publish | K88: การเปลี่ยนวัตถุประสงค์สร้างงานขอความยินยอมใหม่อัตโนมัติ | L88: PNG-06, CON-12 | M88: M | N88: S | O88: N | P88: =IFERROR(VLOOKUP($M88,Assumptions!$A$15:$B$20,2,FALSE()),0) -> 5 | Q88: =IFERROR(VLOOKUP($N88,Assumptions!$A$15:$B$20,2,FALSE()),0) -> 3 | R88: =ROUND((P88+Q88)*Assumptions!$B$8,1) -> 1 | S88: =IF($O88="Y",ROUND(Q88*Assumptions!$B$9,1),0) -> 0 | T88: =ROUND((P88+Q88)*Assumptions!$B$10,1) -> 2.8 | U88: =SUM(P88:T88) -> 11.8 | V88: มีบางส่วน
A89: PNG-08 | B89: PNG | C89: ประกาศความเป็นส่วนตัว (Privacy Notice Generator) | D89: เผยแพร่และฝังในระบบ | E89: Hosting & embed | F89: 13_Notice | แนวปฏิบัติตลาด | G89: Should | H89: P1 | I89: URL ถาวรและต่อเวอร์ชัน, embed script / iframe, ส่งออก Word / PDF, ลิงก์สำหรับ LINE OA และแอป | J89: หน้า public ของประกาศใน portal + ตัวสร้างโค้ดฝัง | K89: ประกาศแสดงบนเว็บลูกค้าผ่าน embed และอัปเดตเองเมื่อ publish | L89: PLT-17 | M89: S | N89: M | O89: Y | P89: =IFERROR(VLOOKUP($M89,Assumptions!$A$15:$B$20,2,FALSE()),0) -> 3 | Q89: =IFERROR(VLOOKUP($N89,Assumptions!$A$15:$B$20,2,FALSE()),0) -> 5 | R89: =ROUND((P89+Q89)*Assumptions!$B$8,1) -> 1 | S89: =IF($O89="Y",ROUND(Q89*Assumptions!$B$9,1),0) -> 2 | T89: =ROUND((P89+Q89)*Assumptions!$B$10,1) -> 2.8 | U89: =SUM(P89:T89) -> 13.8 | V89: มี | W89: ดึงเข้า P1 เพราะต้องมีช่องทางเผยแพร่
A90: PNG-14 | B90: PNG | C90: ประกาศความเป็นส่วนตัว (Privacy Notice Generator) | D90: อนุมัติก่อนเผยแพร่ | E90: Review & approval | F90: 13_Notice | แนวปฏิบัติตลาด | G90: Should | H90: P1 | I90: ใช้ workflow อนุมัติกลาง: DPO / กฎหมายตรวจ แสดงความเห็น อนุมัติก่อน publish | J90: ปุ่มส่งตรวจ + กล่องความเห็น | K90: ประกาศเผยแพร่ได้หลังอนุมัติเท่านั้น | L90: PLT-08 | M90: XS | N90: S | O90: N | P90: =IFERROR(VLOOKUP($M90,Assumptions!$A$15:$B$20,2,FALSE()),0) -> 1 | Q90: =IFERROR(VLOOKUP($N90,Assumptions!$A$15:$B$20,2,FALSE()),0) -> 3 | R90: =ROUND((P90+Q90)*Assumptions!$B$8,1) -> 0.5 | S90: =IF($O90="Y",ROUND(Q90*Assumptions!$B$9,1),0) -> 0 | T90: =ROUND((P90+Q90)*Assumptions!$B$10,1) -> 1.4 | U90: =SUM(P90:T90) -> 5.9 | V90: มี | W90: ดึงเข้า P1 (ใช้ PLT-08 จึงใช้แรงน้อย)
A91: PNG-09 | B91: PNG | C91: ประกาศความเป็นส่วนตัว (Privacy Notice Generator) | D91: บันทึกการรับทราบ | E91: Acknowledgement log | F91: 13_Notice | ม.23 | G91: Should | H91: P3 | I91: บันทึกการรับทราบ (ใคร เวอร์ชัน ช่องทาง เวลา) ผ่าน API / SDK / หน้า public | J91: รายงานการรับทราบต่อเวอร์ชัน | K91: ตรวจได้ว่าบุคคลรับทราบประกาศเวอร์ชันใด | L91: PLT-17 | M91: S | N91: S | O91: N | P91: =IFERROR(VLOOKUP($M91,Assumptions!$A$15:$B$20,2,FALSE()),0) -> 3 | Q91: =IFERROR(VLOOKUP($N91,Assumptions!$A$15:$B$20,2,FALSE()),0) -> 3 | R91: =ROUND((P91+Q91)*Assumptions!$B$8,1) -> 0.7 | S91: =IF($O91="Y",ROUND(Q91*Assumptions!$B$9,1),0) -> 0 | T91: =ROUND((P91+Q91)*Assumptions!$B$10,1) -> 2.1 | U91: =SUM(P91:T91) -> 8.8 | V91: มี
A92: PNG-10 | B92: PNG | C92: ประกาศความเป็นส่วนตัว (Privacy Notice Generator) | D92: ดึงเนื้อหาจาก RoPA | E92: Auto-populate from RoPA | F92: 13_Notice | ม.23, ม.39 | G92: Should | H92: P3 | I92: เลือกกิจกรรม RoPA → ประกอบหัวข้อวัตถุประสงค์ / ฐาน / ข้อมูล / ระยะเวลา / ผู้รับ; event ropa.updated → แจ้งให้ทบทวนประกาศ | J92: ปุ่มดึงข้อมูลจาก RoPA ใน wizard | K92: RoPA เปลี่ยนแล้วประกาศที่เกี่ยวข้องถูกทำเครื่องหมายให้ทบทวน | L92: ROPA-03, PLT-11 | M92: M | N92: S | O92: N | P92: =IFERROR(VLOOKUP($M92,Assumptions!$A$15:$B$20,2,FALSE()),0) -> 5 | Q92: =IFERROR(VLOOKUP($N92,Assumptions!$A$15:$B$20,2,FALSE()),0) -> 3 | R92: =ROUND((P92+Q92)*Assumptions!$B$8,1) -> 1 | S92: =IF($O92="Y",ROUND(Q92*Assumptions!$B$9,1),0) -> 0 | T92: =ROUND((P92+Q92)*Assumptions!$B$10,1) -> 2.8 | U92: =SUM(P92:T92) -> 11.8 | V92: มีบางส่วน
A93: PNG-11 | B93: PNG | C93: ประกาศความเป็นส่วนตัว (Privacy Notice Generator) | D93: แม่แบบตามอุตสาหกรรม | E93: Industry templates | F93: 13_Notice | แนวปฏิบัติตลาดไทย | G93: Should | H93: P3 | I93: ชุด template 6 อุตสาหกรรม (เนื้อหาจาก T40) | J93: ตัวกรอง template ตามอุตสาหกรรม | K93: มี template ครบ 6 อุตสาหกรรมทั้ง TH/EN | L93: T40 | M93: XS | N93: S | O93: N | P93: =IFERROR(VLOOKUP($M93,Assumptions!$A$15:$B$20,2,FALSE()),0) -> 1 | Q93: =IFERROR(VLOOKUP($N93,Assumptions!$A$15:$B$20,2,FALSE()),0) -> 3 | R93: =ROUND((P93+Q93)*Assumptions!$B$8,1) -> 0.5 | S93: =IF($O93="Y",ROUND(Q93*Assumptions!$B$9,1),0) -> 0 | T93: =ROUND((P93+Q93)*Assumptions!$B$10,1) -> 1.4 | U93: =SUM(P93:T93) -> 5.9 | V93: ไม่มี
A94: PNG-12 | B94: PNG | C94: ประกาศความเป็นส่วนตัว (Privacy Notice Generator) | D94: ประกาศแบบหลายชั้นและป้าย CCTV | E94: Layered notice & CCTV signage | F94: 13_Notice | แนวปฏิบัติตลาด | G94: Should | H94: P3 | I94: ฉบับย่อ + ฉบับเต็ม, สร้างป้าย CCTV พร้อม QR (PDF A4 / A3) | J94: หน้าออกแบบประกาศหลายชั้นและป้าย CCTV | K94: ป้าย CCTV พิมพ์ได้และ QR เปิดฉบับเต็มได้ | L94: PNG-08 | M94: S | N94: M | O94: Y | P94: =IFERROR(VLOOKUP($M94,Assumptions!$A$15:$B$20,2,FALSE()),0) -> 3 | Q94: =IFERROR(VLOOKUP($N94,Assumptions!$A$15:$B$20,2,FALSE()),0) -> 5 | R94: =ROUND((P94+Q94)*Assumptions!$B$8,1) -> 1 | S94: =IF($O94="Y",ROUND(Q94*Assumptions!$B$9,1),0) -> 2 | T94: =ROUND((P94+Q94)*Assumptions!$B$10,1) -> 2.8 | U94: =SUM(P94:T94) -> 13.8 | V94: มีบางส่วน
A95: PNG-15 | B95: PNG | C95: ประกาศความเป็นส่วนตัว (Privacy Notice Generator) | D95: แจ้งเตือนทบทวนตามรอบ | E95: Periodic review reminder | F95: 13_Notice | ม.23 | G95: Should | H95: P3 | I95: รอบทบทวนต่อประกาศ + trigger เมื่อ RoPA เปลี่ยน | J95: ตั้งรอบทบทวนในหน้าประกาศ | K95: เจ้าของประกาศได้รับงานทบทวนตามรอบ | L95: PLT-10 | M95: S | N95: XS | O95: N | P95: =IFERROR(VLOOKUP($M95,Assumptions!$A$15:$B$20,2,FALSE()),0) -> 3 | Q95: =IFERROR(VLOOKUP($N95,Assumptions!$A$15:$B$20,2,FALSE()),0) -> 1 | R95: =ROUND((P95+Q95)*Assumptions!$B$8,1) -> 0.5 | S95: =IF($O95="Y",ROUND(Q95*Assumptions!$B$9,1),0) -> 0 | T95: =ROUND((P95+Q95)*Assumptions!$B$10,1) -> 1.4 | U95: =SUM(P95:T95) -> 5.9 | V95: มีบางส่วน
A96: PNG-16 | B96: PNG | C96: ประกาศความเป็นส่วนตัว (Privacy Notice Generator) | D96: สร้างนโยบายความเป็นส่วนตัวและนโยบายคุกกี้ | E96: Privacy & cookie policy generator | F96: 13_Notice | ม.23 | G96: Should | H96: P3 | I96: template นโยบายระดับองค์กร ประกอบจากข้อมูลองค์กร ประกาศทุกกลุ่ม และตารางคุกกี้ | J96: wizard นโยบายองค์กร | K96: นโยบายที่สร้างอ้างถึงประกาศและตารางคุกกี้เวอร์ชันล่าสุด | L96: PNG-01, CON-05 | M96: M | N96: S | O96: N | P96: =IFERROR(VLOOKUP($M96,Assumptions!$A$15:$B$20,2,FALSE()),0) -> 5 | Q96: =IFERROR(VLOOKUP($N96,Assumptions!$A$15:$B$20,2,FALSE()),0) -> 3 | R96: =ROUND((P96+Q96)*Assumptions!$B$8,1) -> 1 | S96: =IF($O96="Y",ROUND(Q96*Assumptions!$B$9,1),0) -> 0 | T96: =ROUND((P96+Q96)*Assumptions!$B$10,1) -> 2.8 | U96: =SUM(P96:T96) -> 11.8 | V96: มีบางส่วน
A97: PNG-13 | B97: PNG | C97: ประกาศความเป็นส่วนตัว (Privacy Notice Generator) | D97: ลิงก์เอกสารอ้างอิงในประกาศ | E97: Linked documents | F97: 13_Notice | แนวปฏิบัติตลาด | G97: Nice-to-have | H97: P4 | I97: ลิงก์เอกสารอ้างอิง + รูปแบบการแสดง (inline / popup) | J97: ส่วนจัดการลิงก์ใน editor | K97: ลิงก์แสดงตามรูปแบบที่ตั้ง | L97: PNG-08 | M97: XS | N97: S | O97: N | P97: =IFERROR(VLOOKUP($M97,Assumptions!$A$15:$B$20,2,FALSE()),0) -> 1 | Q97: =IFERROR(VLOOKUP($N97,Assumptions!$A$15:$B$20,2,FALSE()),0) -> 3 | R97: =ROUND((P97+Q97)*Assumptions!$B$8,1) -> 0.5 | S97: =IF($O97="Y",ROUND(Q97*Assumptions!$B$9,1),0) -> 0 | T97: =ROUND((P97+Q97)*Assumptions!$B$10,1) -> 1.4 | U97: =SUM(P97:T97) -> 5.9 | V97: มีบางส่วน
A98: ROPA-01 | B98: ROPA | C98: บันทึกกิจกรรมการประมวลผล (RoPA) | D98: ทะเบียนข้อมูลส่วนบุคคล | E98: Personal data inventory | F98: 03_RoPA | ม.39 | G98: Must | H98: P1 | I98: ทะเบียนข้อมูล: ประเภท / หมวดทั่วไป-อ่อนไหว (ม.26), แหล่งที่มา, ระบบที่จัดเก็บ, ผู้รับผิดชอบ; scope ตามหน่วยงาน | J98: หน้ารายการ + ฟอร์ม + ตัวกรองข้อมูลอ่อนไหว | K98: ข้อมูลอ่อนไหวถูกระบุและกรองได้ทุกหน่วยงาน | L98: ORG-07 | M98: M | N98: M | O98: Y | P98: =IFERROR(VLOOKUP($M98,Assumptions!$A$15:$B$20,2,FALSE()),0) -> 5 | Q98: =IFERROR(VLOOKUP($N98,Assumptions!$A$15:$B$20,2,FALSE()),0) -> 5 | R98: =ROUND((P98+Q98)*Assumptions!$B$8,1) -> 1.2 | S98: =IF($O98="Y",ROUND(Q98*Assumptions!$B$9,1),0) -> 2 | T98: =ROUND((P98+Q98)*Assumptions!$B$10,1) -> 3.5 | U98: =SUM(P98:T98) -> 16.7 | V98: มี
A99: ROPA-02 | B99: ROPA | C99: บันทึกกิจกรรมการประมวลผล (RoPA) | D99: ทะเบียนระบบและทรัพย์สิน | E99: System / asset register | F99: 03_RoPA | ม.37(1), ม.39 | G99: Must | H99: P1 | I99: asset: ระบบ แอป ฐานข้อมูล ผู้ให้บริการ ประเทศที่ตั้งเซิร์ฟเวอร์ เจ้าของระบบ | J99: หน้าทะเบียนระบบ + ฟอร์ม | K99: กิจกรรมอ้างถึงระบบจากทะเบียนเดียวกัน | L99: ORG-06 | M99: M | N99: M | O99: Y | P99: =IFERROR(VLOOKUP($M99,Assumptions!$A$15:$B$20,2,FALSE()),0) -> 5 | Q99: =IFERROR(VLOOKUP($N99,Assumptions!$A$15:$B$20,2,FALSE()),0) -> 5 | R99: =ROUND((P99+Q99)*Assumptions!$B$8,1) -> 1.2 | S99: =IF($O99="Y",ROUND(Q99*Assumptions!$B$9,1),0) -> 2 | T99: =ROUND((P99+Q99)*Assumptions!$B$10,1) -> 3.5 | U99: =SUM(P99:T99) -> 16.7 | V99: มี
A100: ROPA-03 | B100: ROPA | C100: บันทึกกิจกรรมการประมวลผล (RoPA) | D100: RoPA ของผู้ควบคุมข้อมูล | E100: RoPA – controller | F100: 03_RoPA | ม.39 | G100: Must | H100: P1 | I100: processing activity ครบ 8 หัวข้อ ม.39 เป็นข้อมูลโครงสร้าง ผูก master data, scope ตามแผนก, คะแนนความครบถ้วน | J100: ฟอร์มหลายขั้นตอน + มุมมองตาราง + ตัวบ่งชี้ความครบถ้วน | K100: กิจกรรมที่ขาดหัวข้อบังคับแสดงสถานะ 'ไม่ครบ' พร้อมรายการที่ขาด | L100: ROPA-01, ROPA-02, PLT-06 | M100: L | N100: L | O100: Y | P100: =IFERROR(VLOOKUP($M100,Assumptions!$A$15:$B$20,2,FALSE()),0) -> 10 | Q100: =IFERROR(VLOOKUP($N100,Assumptions!$A$15:$B$20,2,FALSE()),0) -> 10 | R100: =ROUND((P100+Q100)*Assumptions!$B$8,1) -> 2.4 | S100: =IF($O100="Y",ROUND(Q100*Assumptions!$B$9,1),0) -> 4 | T100: =ROUND((P100+Q100)*Assumptions!$B$10,1) -> 7 | U100: =SUM(P100:T100) -> 33.4 | V100: มี
A101: ROPA-04 | B101: ROPA | C101: บันทึกกิจกรรมการประมวลผล (RoPA) | D101: RoPA ของผู้ประมวลผลข้อมูล | E101: RoPA – processor | F101: 03_RoPA | ม.40(3); ประกาศ สคส. RoPA ผู้ประมวลผล พ.ศ. 2565 | G101: Must | H101: P1 | I101: โหมดผู้ประมวลผล: ฟิลด์ตามประกาศ สคส. RoPA ผู้ประมวลผล พ.ศ. 2565 | J101: ฟอร์มและรายการ RoPA ผู้ประมวลผล | K101: ส่งออก RoPA ผู้ประมวลผลได้ครบหัวข้อตามประกาศ | L101: ROPA-03 | M101: M | N101: M | O101: N | P101: =IFERROR(VLOOKUP($M101,Assumptions!$A$15:$B$20,2,FALSE()),0) -> 5 | Q101: =IFERROR(VLOOKUP($N101,Assumptions!$A$15:$B$20,2,FALSE()),0) -> 5 | R101: =ROUND((P101+Q101)*Assumptions!$B$8,1) -> 1.2 | S101: =IF($O101="Y",ROUND(Q101*Assumptions!$B$9,1),0) -> 0 | T101: =ROUND((P101+Q101)*Assumptions!$B$10,1) -> 3.5 | U101: =SUM(P101:T101) -> 14.7 | V101: มีบางส่วน
...

Sheet Task_List
A1: รายการ Task (พร้อม import เข้า Jira / Azure DevOps / GitHub Projects)
A2: วันทำงานดึงจาก WBS และ Project_Tasks อัตโนมัติ | ช่อง Sprint / ผู้รับผิดชอบ / สถานะ ใช้วางแผนและติดตาม
A4: Task ID | B4: Feature / งาน | C4: Epic | D4: ชื่องาน | E4: บทบาท | F4: วัน | G4: Phase | H4: Priority | I4: ขึ้นกับ | J4: Sprint | K4: ผู้รับผิดชอบ | L4: สถานะ
A5: PLT-01-SA | B5: PLT-01 | C5: PLT | D5: วิเคราะห์ business rules, ERD และ OpenAPI spec: โครงระบบ Go modular monolith + Next.js monorepo | E5: SA | F5: =WBS!R5 -> 1.8 | G5: =WBS!H5 -> P0 | H5: =WBS!G5 -> Must | I5: T04, T05 | L5: To Do
A6: PLT-01-BE | B6: PLT-01 | C6: PLT | D6: [Go] โครง backend/internal/<module>, chi router + oapi-codegen (OpenAPI-first), pgx + sqlc, goose migration, config, error model RFC 9457, health/readiness, graceful shutdown; binary api / worker / scanner | E6: BE | F6: =WBS!P5 -> 10 | G6: =WBS!H5 -> P0 | H6: =WBS!G5 -> Must | I6: PLT-01-SA | L6: To Do
A7: PLT-01-FE | B7: PLT-01 | C7: PLT | D7: [Next.js] Turborepo + pnpm: apps/admin, apps/portal (App Router, TypeScript), packages/ui (shadcn/ui + Tailwind), api-client generate จาก OpenAPI, layout และเมนูตามสิทธิ์ | E7: FE | F7: =WBS!Q5 -> 5 | G7: =WBS!H5 -> P0 | H7: =WBS!G5 -> Must | I7: PLT-01-SA | L7: To Do
A8: PLT-01-QA | B8: PLT-01 | C8: PLT | D8: test case + automated test: สร้างโมดูลใหม่จาก template ได้ภายใน 1 วัน; แก้ OpenAPI แล้ว Go stub และ TS client generate ใน CI | E8: QA | F8: =WBS!T5 -> 5.3 | G8: =WBS!H5 -> P0 | H8: =WBS!G5 -> Must | I8: PLT-01-BE, PLT-01-FE | L8: To Do
A9: PLT-02-SA | B9: PLT-02 | C9: PLT | D9: วิเคราะห์ business rules, ERD และ OpenAPI spec: Multi-tenant และการแยกข้อมูล | E9: SA | F9: =WBS!R6 -> 1.6 | G9: =WBS!H6 -> P0 | H9: =WBS!G6 -> Must | I9: PLT-01 | L9: To Do
A10: PLT-02-BE | B10: PLT-02 | C10: PLT | D10: [Go] tenant registry, resolver จาก subdomain / custom domain / token, tenant_id ทุกตาราง + PostgreSQL RLS (SET app.tenant_id ต่อ transaction), provisioning (master data, role มาตรฐาน), โหมด DB แยกต่อ tenant | E10: BE | F10: =WBS!P6 -> 10 | G10: =WBS!H6 -> P0 | H10: =WBS!G6 -> Must | I10: PLT-02-SA | L10: To Do
A11: PLT-02-FE | B11: PLT-02 | C11: PLT | D11: [Next.js] tenant context ใน middleware ของ Next.js, custom domain ของ portal | E11: FE | F11: =WBS!Q6 -> 3 | G11: =WBS!H6 -> P0 | H11: =WBS!G6 -> Must | I11: PLT-02-SA | L11: To Do
A12: PLT-02-QA | B12: PLT-02 | C12: PLT | D12: test case + automated test: ผู้ใช้ tenant A เข้าถึงข้อมูล tenant B ไม่ได้แม้เรียก API ตรง (automated test ทุก endpoint) | E12: QA | F12: =WBS!T6 -> 4.6 | G12: =WBS!H6 -> P0 | H12: =WBS!G6 -> Must | I12: PLT-02-BE, PLT-02-FE | L12: To Do
A13: PLT-03-SA | B13: PLT-03 | C13: PLT | D13: วิเคราะห์ business rules, ERD และ OpenAPI spec: ระบบหลายภาษา TH/EN | E13: SA | F13: =WBS!R7 -> 1 | G13: =WBS!H7 -> P0 | H13: =WBS!G7 -> Must | I13: PLT-01 | L13: To Do
A14: PLT-03-BE | B14: PLT-03 | C14: PLT | D14: [Go] ตาราง translation สำหรับเนื้อหาที่ผู้ใช้สร้าง (ข้อความยินยอม ประกาศ template), Accept-Language, fallback | E14: BE | F14: =WBS!P7 -> 3 | G14: =WBS!H7 -> P0 | H14: =WBS!G7 -> Must | I14: PLT-03-SA | L14: To Do
A15: PLT-03-FE | B15: PLT-03 | C15: PLT | D15: [Next.js] next-intl ข้อความ UI TH/EN, วันที่ พ.ศ. / ค.ศ., เขตเวลา Asia/Bangkok, ฟอนต์ไทย | E15: FE | F15: =WBS!Q7 -> 5 | G15: =WBS!H7 -> P0 | H15: =WBS!G7 -> Must | I15: PLT-03-SA | L15: To Do
A16: PLT-03-QA | B16: PLT-03 | C16: PLT | D16: test case + automated test: ทุกหน้าสลับ TH/EN ได้ และวันที่แสดง พ.ศ. ตามการตั้งค่า | E16: QA | F16: =WBS!T7 -> 2.8 | G16: =WBS!H7 -> P0 | H16: =WBS!G7 -> Must | I16: PLT-03-BE, PLT-03-FE | L16: To Do
A17: PLT-04-SA | B17: PLT-04 | C17: PLT | D17: วิเคราะห์ business rules, ERD และ OpenAPI spec: บริการแจ้งเตือน Email / SMS / LINE / In-app | E17: SA | F17: =WBS!R8 -> 1.8 | G17: =WBS!H8 -> P0 | H17: =WBS!G8 -> Must | I17: PLT-10 | L17: To Do
A18: PLT-04-UX | B18: PLT-04 | C18: PLT | D18: ออกแบบหน้าจอและ prototype: บริการแจ้งเตือน Email / SMS / LINE / In-app | E18: UX | F18: =WBS!S8 -> 2 | G18: =WBS!H8 -> P0 | H18: =WBS!G8 -> Must | I18: PLT-04-SA | L18: To Do
A19: PLT-04-BE | B19: PLT-04 | C19: PLT | D19: [Go] template มีตัวแปร (TH/EN), adapter SMTP/SES, SMS gateway ไทย, LINE Messaging API, in-app ผ่าน SSE, ส่งผ่าน River + retry, delivery log, quiet hours | E19: BE | F19: =WBS!P8 -> 10 | G19: =WBS!H8 -> P0 | H19: =WBS!G8 -> Must | I19: PLT-04-SA | L19: To Do
A20: PLT-04-FE | B20: PLT-04 | C20: PLT | D20: [Next.js] หน้าจัดการ template พร้อม preview, กระดิ่งแจ้งเตือนใน admin, หน้าสถานะการส่ง | E20: FE | F20: =WBS!Q8 -> 5 | G20: =WBS!H8 -> P0 | H20: =WBS!G8 -> Must | I20: PLT-04-UX | L20: To Do
A21: PLT-04-QA | B21: PLT-04 | C21: PLT | D21: test case + automated test: ส่งล้มเหลวมี retry อัตโนมัติ และตรวจสถานะรายข้อความได้ | E21: QA | F21: =WBS!T8 -> 5.3 | G21: =WBS!H8 -> P0 | H21: =WBS!G8 -> Must | I21: PLT-04-BE, PLT-04-FE | L21: To Do
A22: PLT-05-SA | B22: PLT-05 | C22: PLT | D22: วิเคราะห์ business rules, ERD และ OpenAPI spec: Workflow & SLA engine | E22: SA | F22: =WBS!R9 -> 3 | G22: =WBS!H9 -> P0 | H22: =WBS!G9 -> Must | I22: PLT-10, ORG-20 | L22: To Do
A23: PLT-05-UX | B23: PLT-05 | C23: PLT | D23: ออกแบบหน้าจอและ prototype: Workflow & SLA engine | E23: UX | F23: =WBS!S9 -> 2 | G23: =WBS!H9 -> P0 | H23: =WBS!G9 -> Must | I23: PLT-05-SA | L23: To Do
A24: PLT-05-BE | B24: PLT-05 | C24: PLT | D24: [Go] state machine กำหนดได้ต่อ tenant (JSON definition), มอบหมายคน/กลุ่ม, SLA timer แบบวันปฏิทิน / วันทำการ / ชั่วโมง พร้อมวันหยุดไทย, reminder และ escalation ด้วย River scheduled job, comment, history | E24: BE | F24: =WBS!P9 -> 20 | G24: =WBS!H9 -> P0 | H24: =WBS!G9 -> Must | I24: PLT-05-SA | L24: To Do
A25: PLT-05-FE | B25: PLT-05 | C25: PLT | D25: [Next.js] component กระดานงาน, timeline, ป้าย SLA, หน้าตั้งค่า workflow แบบฟอร์ม | E25: FE | F25: =WBS!Q9 -> 5 | G25: =WBS!H9 -> P0 | H25: =WBS!G9 -> Must | I25: PLT-05-UX | L25: To Do
A26: PLT-05-QA | B26: PLT-05 | C26: PLT | D26: test case + automated test: นับ SLA ถูกต้องเมื่อข้ามวันหยุด และแจ้งเตือนก่อนครบกำหนดตามที่ตั้ง (unit test ครอบคลุมกรณีข้ามวันหยุด) | E26: QA | F26: =WBS!T9 -> 8.8 | G26: =WBS!H9 -> P0 | H26: =WBS!G9 -> Must | I26: PLT-05-BE, PLT-05-FE | L26: To Do
A27: PLT-06-SA | B27: PLT-06 | C27: PLT | D27: วิเคราะห์ business rules, ERD และ OpenAPI spec: Form & assessment engine | E27: SA | F27: =WBS!R10 -> 3.6 | G27: =WBS!H10 -> P0 | H27: =WBS!G10 -> Must | I27: PLT-01 | L27: To Do
A28: PLT-06-UX | B28: PLT-06 | C28: PLT | D28: ออกแบบหน้าจอและ prototype: Form & assessment engine | E28: UX | F28: =WBS!S10 -> 8 | G28: =WBS!H10 -> P0 | H28: =WBS!G10 -> Must | I28: PLT-06-SA | L28: To Do
A29: PLT-06-BE | B29: PLT-06 | C29: PLT | D29: [Go] form schema มีเวอร์ชัน (JSON), ประเภทคำถาม, conditional logic, คะแนน/น้ำหนัก, validation ฝั่ง server, คำตอบ JSONB, มอบหมายผู้ตอบรายส่วน | E29: BE | F29: =WBS!P10 -> 10 | G29: =WBS!H10 -> P0 | H29: =WBS!G10 -> Must | I29: PLT-06-SA | L29: To Do
A30: PLT-06-FE | B30: PLT-06 | C30: PLT | D30: [Next.js] Form builder ลากวาง (dnd-kit) + renderer ใช้ร่วม admin และ portal (react-hook-form + zod), preview หลายภาษา | E30: FE | F30: =WBS!Q10 -> 20 | G30: =WBS!H10 -> P0 | H30: =WBS!G10 -> Must | I30: PLT-06-UX | L30: To Do
A31: PLT-06-QA | B31: PLT-06 | C31: PLT | D31: test case + automated test: สร้างแบบประเมินที่มีเงื่อนไขซ่อน/แสดงและคิดคะแนนได้โดยไม่เขียนโค้ด; ทุกโมดูลใช้ renderer เดียวกัน | E31: QA | F31: =WBS!T10 -> 10.5 | G31: =WBS!H10 -> P0 | H31: =WBS!G10 -> Must | I31: PLT-06-BE, PLT-06-FE | L31: To Do
A32: PLT-07-SA | B32: PLT-07 | C32: PLT | D32: วิเคราะห์ business rules, ERD และ OpenAPI spec: ความเห็น ไฟล์แนบ และไทม์ไลน์กิจกรรม | E32: SA | F32: =WBS!R11 -> 1.2 | G32: =WBS!H11 -> P0 | H32: =WBS!G11 -> Must | I32: PLT-09, PLT-12 | L32: To Do
A33: PLT-07-UX | B33: PLT-07 | C33: PLT | D33: ออกแบบหน้าจอและ prototype: ความเห็น ไฟล์แนบ และไทม์ไลน์กิจกรรม | E33: UX | F33: =WBS!S11 -> 2 | G33: =WBS!H11 -> P0 | H33: =WBS!G11 -> Must | I33: PLT-07-SA | L33: To Do
A34: PLT-07-BE | B34: PLT-07 | C34: PLT | D34: [Go] comment + @mention, ไฟล์แนบ, activity feed ต่อ record แบบ polymorphic, แจ้งเตือนผู้เกี่ยวข้อง | E34: BE | F34: =WBS!P11 -> 5 | G34: =WBS!H11 -> P0 | H34: =WBS!G11 -> Must | I34: PLT-07-SA | L34: To Do
A35: PLT-07-FE | B35: PLT-07 | C35: PLT | D35: [Next.js] component ความเห็น / ไฟล์แนบ / ไทม์ไลน์ ใช้ร่วมทุกโมดูล | E35: FE | F35: =WBS!Q11 -> 5 | G35: =WBS!H11 -> P0 | H35: =WBS!G11 -> Must | I35: PLT-07-UX | L35: To Do
A36: PLT-07-QA | B36: PLT-07 | C36: PLT | D36: test case + automated test: ทุกโมดูลใช้ component เดียวกัน และการ mention ส่งแจ้งเตือน | E36: QA | F36: =WBS!T11 -> 3.5 | G36: =WBS!H11 -> P0 | H36: =WBS!G11 -> Must | I36: PLT-07-BE, PLT-07-FE | L36: To Do
A37: PLT-08-SA | B37: PLT-08 | C37: PLT | D37: วิเคราะห์ business rules, ERD และ OpenAPI spec: เวอร์ชันและการอนุมัติ | E37: SA | F37: =WBS!R12 -> 1.2 | G37: =WBS!H12 -> P0 | H37: =WBS!G12 -> Must | I37: PLT-05, PLT-07 | L37: To Do
A38: PLT-08-UX | B38: PLT-08 | C38: PLT | D38: ออกแบบหน้าจอและ prototype: เวอร์ชันและการอนุมัติ | E38: UX | F38: =WBS!S12 -> 2 | G38: =WBS!H12 -> P0 | H38: =WBS!G12 -> Must | I38: PLT-08-SA | L38: To Do
A39: PLT-08-BE | B39: PLT-08 | C39: PLT | D39: [Go] snapshot + diff ของ record, สถานะ ร่าง → รอตรวจ → อนุมัติ → เผยแพร่, ผู้อนุมัติหลายระดับ, maker-checker | E39: BE | F39: =WBS!P12 -> 5 | G39: =WBS!H12 -> P0 | H39: =WBS!G12 -> Must | I39: PLT-08-SA | L39: To Do
A40: PLT-08-FE | B40: PLT-08 | C40: PLT | D40: [Next.js] แถบสถานะเวอร์ชัน, หน้าเปรียบเทียบเวอร์ชัน, กล่องงานรออนุมัติ | E40: FE | F40: =WBS!Q12 -> 5 | G40: =WBS!H12 -> P0 | H40: =WBS!G12 -> Must | I40: PLT-08-UX | L40: To Do
A41: PLT-08-QA | B41: PLT-08 | C41: PLT | D41: test case + automated test: record ที่เผยแพร่แล้วแก้ไม่ได้ต้องสร้างเวอร์ชันใหม่; ผู้สร้างอนุมัติงานของตนเองไม่ได้ | E41: QA | F41: =WBS!T12 -> 3.5 | G41: =WBS!H12 -> P0 | H41: =WBS!G12 -> Must | I41: PLT-08-BE, PLT-08-FE | L41: To Do
A42: PLT-09-SA | B42: PLT-09 | C42: PLT | D42: วิเคราะห์ business rules, ERD และ OpenAPI spec: จัดเก็บไฟล์และสแกนไวรัส | E42: SA | F42: =WBS!R13 -> 1 | G42: =WBS!H13 -> P0 | H42: =WBS!G13 -> Must | I42: PLT-01 | L42: To Do
A43: PLT-09-BE | B43: PLT-09 | C43: PLT | D43: [Go] S3 API (S3 / SeaweedFS / MinIO), เข้ารหัส, ClamAV, จำกัดชนิดและขนาด, pre-signed URL หมดอายุ, อายุไฟล์ | E43: BE | F43: =WBS!P13 -> 5 | G43: =WBS!H13 -> P0 | H43: =WBS!G13 -> Must | I43: PLT-09-SA | L43: To Do
A44: PLT-09-FE | B44: PLT-09 | C44: PLT | D44: [Next.js] component อัปโหลด / ดาวน์โหลด (ลากวาง, progress) | E44: FE | F44: =WBS!Q13 -> 3 | G44: =WBS!H13 -> P0 | H44: =WBS!G13 -> Must | I44: PLT-09-SA | L44: To Do
A45: PLT-09-QA | B45: PLT-09 | C45: PLT | D45: test case + automated test: ไฟล์ติดไวรัสถูกปฏิเสธ และลิงก์ดาวน์โหลดหมดอายุตามเวลาที่ตั้ง | E45: QA | F45: =WBS!T13 -> 2.8 | G45: =WBS!H13 -> P0 | H45: =WBS!G13 -> Must | I45: PLT-09-BE, PLT-09-FE | L45: To Do
A46: PLT-10-SA | B46: PLT-10 | C46: PLT | D46: วิเคราะห์ business rules, ERD และ OpenAPI spec: Background jobs และ scheduler | E46: SA | F46: =WBS!R14 -> 1 | G46: =WBS!H14 -> P0 | H46: =WBS!G14 -> Must | I46: PLT-01 | L46: To Do
A47: PLT-10-BE | B47: PLT-10 | C47: PLT | D47: [Go] River (job queue บน PostgreSQL): enqueue ใน transaction เดียวกับข้อมูล, retry/backoff, periodic job (cron), unique job, graceful shutdown ใน worker | E47: BE | F47: =WBS!P14 -> 5 | G47: =WBS!H14 -> P0 | H47: =WBS!G14 -> Must | I47: PLT-10-SA | L47: To Do
A48: PLT-10-FE | B48: PLT-10 | C48: PLT | D48: [Next.js] หน้าดูสถานะ job สำหรับผู้ดูแลระบบ | E48: FE | F48: =WBS!Q14 -> 3 | G48: =WBS!H14 -> P0 | H48: =WBS!G14 -> Must | I48: PLT-10-SA | L48: To Do
A49: PLT-10-QA | B49: PLT-10 | C49: PLT | D49: test case + automated test: job ที่ล้มเหลวมี retry และแจ้งเตือน; ไม่มี job ซ้ำเมื่อรันหลาย instance | E49: QA | F49: =WBS!T14 -> 2.8 | G49: =WBS!H14 -> P0 | H49: =WBS!G14 -> Must | I49: PLT-10-BE, PLT-10-FE | L49: To Do
A50: PLT-11-SA | B50: PLT-11 | C50: PLT | D50: วิเคราะห์ business rules, ERD และ OpenAPI spec: Domain events และ outbox | E50: SA | F50: =WBS!R15 -> 0.6 | G50: =WBS!H15 -> P0 | H50: =WBS!G15 -> Must | I50: PLT-10 | L50: To Do
A51: PLT-11-BE | B51: PLT-11 | C51: PLT | D51: [Go] transactional outbox, event catalog (consent.changed, ropa.updated, dsar.closed ฯลฯ), subscriber ภายใน, ส่งต่อ webhook / NATS | E51: BE | F51: =WBS!P15 -> 5 | G51: =WBS!H15 -> P0 | H51: =WBS!G15 -> Must | I51: PLT-11-SA | L51: To Do
A52: PLT-11-QA | B52: PLT-11 | C52: PLT | D52: test case + automated test: event ไม่สูญหายเมื่อระบบล่มกลางคัน (at-least-once + idempotent consumer) | E52: QA | F52: =WBS!T15 -> 1.8 | G52: =WBS!H15 -> P0 | H52: =WBS!G15 -> Must | I52: PLT-11-BE | L52: To Do
A53: PLT-12-SA | B53: PLT-12 | C53: PLT | D53: วิเคราะห์ business rules, ERD และ OpenAPI spec: โครงสร้าง Audit log | E53: SA | F53: =WBS!R16 -> 0.6 | G53: =WBS!H16 -> P0 | H53: =WBS!G16 -> Must | I53: PLT-01 | L53: To Do
A54: PLT-12-BE | B54: PLT-12 | C54: PLT | D54: [Go] event แบบ append-only + hash chain ต่อ tenant, before/after (JSON diff), ผู้ทำ, IP, user agent, partition รายเดือน, นโยบายระยะเวลาเก็บ | E54: BE | F54: =WBS!P16 -> 5 | G54: =WBS!H16 -> P0 | H54: =WBS!G16 -> Must | I54: PLT-12-SA | L54: To Do
A55: PLT-12-QA | B55: PLT-12 | C55: PLT | D55: test case + automated test: แก้ log ย้อนหลังแล้วการตรวจ hash chain ล้มเหลว | E55: QA | F55: =WBS!T16 -> 1.8 | G55: =WBS!H16 -> P0 | H55: =WBS!G16 -> Must | I55: PLT-12-BE | L55: To Do
A56: PLT-13-SA | B56: PLT-13 | C56: PLT | D56: วิเคราะห์ business rules, ERD และ OpenAPI spec: เข้ารหัสข้อมูลส่วนบุคคลระดับฟิลด์ | E56: SA | F56: =WBS!R17 -> 0.6 | G56: =WBS!H17 -> P0 | H56: =WBS!G17 -> Must | I56: PLT-01 | L56: To Do
A57: PLT-13-BE | B57: PLT-13 | C57: PLT | D57: [Go] envelope encryption (DEK ต่อ tenant, KEK ใน KMS / OpenBao Transit), blind index (HMAC) สำหรับค้นหาอีเมล / เบอร์ / เลขบัตร, key rotation | E57: BE | F57: =WBS!P17 -> 5 | G57: =WBS!H17 -> P0 | H57: =WBS!G17 -> Must | I57: PLT-13-SA | L57: To Do
A58: PLT-13-QA | B58: PLT-13 | C58: PLT | D58: test case + automated test: identifier ในฐานข้อมูลอ่านไม่ออกถ้าไม่มี key แต่ยังค้นหาแบบตรงตัวได้ | E58: QA | F58: =WBS!T17 -> 1.8 | G58: =WBS!H17 -> P0 | H58: =WBS!G17 -> Must | I58: PLT-13-BE | L58: To Do
A59: PLT-14-SA | B59: PLT-14 | C59: PLT | D59: วิเคราะห์ business rules, ERD และ OpenAPI spec: Import framework (Excel / CSV) | E59: SA | F59: =WBS!R18 -> 1.2 | G59: =WBS!H18 -> P0 | H59: =WBS!G18 -> Must | I59: PLT-10 | L59: To Do
A60: PLT-14-UX | B60: PLT-14 | C60: PLT | D60: ออกแบบหน้าจอและ prototype: Import framework (Excel / CSV) | E60: UX | F60: =WBS!S18 -> 2 | G60: =WBS!H18 -> P0 | H60: =WBS!G18 -> Must | I60: PLT-14-SA | L60: To Do
A61: PLT-14-BE | B61: PLT-14 | C61: PLT | D61: [Go] import แบบ async: อ่าน Excel/CSV (excelize), map คอลัมน์, validate ทีละแถว, dry-run, รายงานข้อผิดพลาด, rollback | E61: BE | F61: =WBS!P18 -> 5 | G61: =WBS!H18 -> P0 | H61: =WBS!G18 -> Must | I61: PLT-14-SA | L61: To Do
A62: PLT-14-FE | B62: PLT-14 | C62: PLT | D62: [Next.js] wizard นำเข้า: อัปโหลด → map คอลัมน์ → ตรวจ → ยืนยัน | E62: FE | F62: =WBS!Q18 -> 5 | G62: =WBS!H18 -> P0 | H62: =WBS!G18 -> Must | I62: PLT-14-UX | L62: To Do
A63: PLT-14-QA | B63: PLT-14 | C63: PLT | D63: test case + automated test: นำเข้า 50,000 แถวได้ และได้ไฟล์รายงานแถวที่ผิดพร้อมเหตุผล | E63: QA | F63: =WBS!T18 -> 3.5 | G63: =WBS!H18 -> P0 | H63: =WBS!G18 -> Must | I63: PLT-14-BE, PLT-14-FE | L63: To Do
A64: PLT-15-SA | B64: PLT-15 | C64: PLT | D64: วิเคราะห์ business rules, ERD และ OpenAPI spec: Public API, webhook และ developer portal | E64: SA | F64: =WBS!R19 -> 1 | G64: =WBS!H19 -> P0 | H64: =WBS!G19 -> Must | I64: ORG-16, PLT-11 | L64: To Do
A65: PLT-15-BE | B65: PLT-15 | C65: PLT | D65: [Go] versioning /v1, OpenAPI 3.1 + เอกสาร, rate limit ต่อ client (Valkey), idempotency key, webhook subscription + HMAC signature + retry / dead-letter | E65: BE | F65: =WBS!P19 -> 5 | G65: =WBS!H19 -> P0 | H65: =WBS!G19 -> Must | I65: PLT-15-SA | L65: To Do
A66: PLT-15-FE | B66: PLT-15 | C66: PLT | D66: [Next.js] หน้า developer: เอกสาร API, จัดการ webhook และดู delivery log | E66: FE | F66: =WBS!Q19 -> 3 | G66: =WBS!H19 -> P0 | H66: =WBS!G19 -> Must | I66: PLT-15-SA | L66: To Do
A67: PLT-15-QA | B67: PLT-15 | C67: PLT | D67: test case + automated test: client เกิน rate limit ได้ 429; webhook ที่ล้มเหลวถูกส่งซ้ำตามนโยบาย | E67: QA | F67: =WBS!T19 -> 2.8 | G67: =WBS!H19 -> P0 | H67: =WBS!G19 -> Must | I67: PLT-15-BE, PLT-15-FE | L67: To Do
A68: PLT-16-SA | B68: PLT-16 | C68: PLT | D68: วิเคราะห์ business rules, ERD และ OpenAPI spec: Document composer (template + clause + merge field) | E68: SA | F68: =WBS!R20 -> 2.4 | G68: =WBS!H20 -> P1 | H68: =WBS!G20 -> Must | I68: PLT-06, PLT-08 | L68: To Do
A69: PLT-16-UX | B69: PLT-16 | C69: PLT | D69: ออกแบบหน้าจอและ prototype: Document composer (template + clause + merge field) | E69: UX | F69: =WBS!S20 -> 4 | G69: =WBS!H20 -> P1 | H69: =WBS!G20 -> Must | I69: PLT-16-SA | L69: To Do
A70: PLT-16-BE | B70: PLT-16 | C70: PLT | D70: [Go] เก็บเอกสารเป็นโครงสร้าง (ProseMirror JSON) + merge field จากองค์กร / RoPA / คู่ค้า, คลัง clause มีเวอร์ชัน, render HTML → PDF ผ่าน Gotenberg (ฟอนต์ไทย) และสร้าง DOCX, diff ระหว่างเวอร์ชัน | E70: BE | F70: =WBS!P20 -> 10 | G70: =WBS!H20 -> P1 | H70: =WBS!G20 -> Must | I70: PLT-16-SA | L70: To Do
A71: PLT-16-FE | B71: PLT-16 | C71: PLT | D71: [Next.js] editor แบบ TipTap: บล็อก clause, merge field, สารบัญ, preview TH/EN, เปรียบเทียบเวอร์ชัน | E71: FE | F71: =WBS!Q20 -> 10 | G71: =WBS!H20 -> P1 | H71: =WBS!G20 -> Must | I71: PLT-16-UX | L71: To Do
A72: PLT-16-QA | B72: PLT-16 | C72: PLT | D72: test case + automated test: เอกสารภาษาไทยส่งออก PDF / Word ได้ตัวอักษรถูกต้อง และเปรียบเทียบสองเวอร์ชันได้ | E72: QA | F72: =WBS!T20 -> 7 | G72: =WBS!H20 -> P1 | H72: =WBS!G20 -> Must | I72: PLT-16-BE, PLT-16-FE | L72: To Do
A73: PLT-17-SA | B73: PLT-17 | C73: PLT | D73: วิเคราะห์ business rules, ERD และ OpenAPI spec: Public portal framework | E73: SA | F73: =WBS!R21 -> 1.8 | G73: =WBS!H21 -> P1 | H73: =WBS!G21 -> Must | I73: PLT-02, IAM-05 | L73: To Do
A74: PLT-17-UX | B74: PLT-17 | C74: PLT | D74: ออกแบบหน้าจอและ prototype: Public portal framework | E74: UX | F74: =WBS!S21 -> 4 | G74: =WBS!H21 -> P1 | H74: =WBS!G21 -> Must | I74: PLT-17-SA | L74: To Do
A75: PLT-17-BE | B75: PLT-17 | C75: PLT | D75: [Go] route สาธารณะแยก, CAPTCHA, session ของเจ้าของข้อมูล (OTP / magic link), CSP และ rate limit | E75: BE | F75: =WBS!P21 -> 5 | G75: =WBS!H21 -> P1 | H75: =WBS!G21 -> Must | I75: PLT-17-SA | L75: To Do
A76: PLT-17-FE | B76: PLT-17 | C76: PLT | D76: [Next.js] apps/portal: theme ตามแบรนด์ tenant, custom domain, ISR/caching, WCAG 2.1 AA, TH/EN | E76: FE | F76: =WBS!Q21 -> 10 | G76: =WBS!H21 -> P1 | H76: =WBS!G21 -> Must | I76: PLT-17-UX | L76: To Do
A77: PLT-17-QA | B77: PLT-17 | C77: PLT | D77: test case + automated test: หน้า portal หลักผ่านการตรวจ accessibility ระดับ AA และโหลดเสร็จภายใน 2 วินาทีบน 4G | E77: QA | F77: =WBS!T21 -> 5.3 | G77: =WBS!H21 -> P1 | H77: =WBS!G21 -> Must | I77: PLT-17-BE, PLT-17-FE | L77: To Do
A78: PLT-18-SA | B78: PLT-18 | C78: PLT | D78: วิเคราะห์ business rules, ERD และ OpenAPI spec: Dashboard & report framework | E78: SA | F78: =WBS!R22 -> 2.4 | G78: =WBS!H22 -> P1 | H78: =WBS!G22 -> Must | I78: PLT-10, IAM-02 | L78: To Do
A79: PLT-18-UX | B79: PLT-18 | C79: PLT | D79: ออกแบบหน้าจอและ prototype: Dashboard & report framework | E79: UX | F79: =WBS!S22 -> 4 | G79: =WBS!H22 -> P1 | H79: =WBS!G22 -> Must | I79: PLT-18-SA | L79: To Do
A80: PLT-18-BE | B80: PLT-18 | C80: PLT | D80: [Go] query / aggregate API กรองตามสิทธิ์, export CSV / Excel (excelize) / PDF แบบ async + ศูนย์ดาวน์โหลด, ตั้งเวลาส่งรายงาน | E80: BE | F80: =WBS!P22 -> 10 | G80: =WBS!H22 -> P1 | H80: =WBS!G22 -> Must | I80: PLT-18-SA | L80: To Do
A81: PLT-18-FE | B81: PLT-18 | C81: PLT | D81: [Next.js] widget dashboard ปรับได้ (ECharts), ตัวกรองร่วม, data table (TanStack Table) + ปุ่ม export | E81: FE | F81: =WBS!Q22 -> 10 | G81: =WBS!H22 -> P1 | H81: =WBS!G22 -> Must | I81: PLT-18-UX | L81: To Do
A82: PLT-18-QA | B82: PLT-18 | C82: PLT | D82: test case + automated test: export 100,000 แถวแบบ async และแจ้งเมื่อไฟล์พร้อม; ตัวเลขตรงกับข้อมูลที่ผู้ใช้มีสิทธิ์เห็น | E82: QA | F82: =WBS!T22 -> 7 | G82: =WBS!H22 -> P1 | H82: =WBS!G22 -> Must | I82: PLT-18-BE, PLT-18-FE | L82: To Do
A83: PLT-19-SA | B83: PLT-19 | C83: PLT | D83: วิเคราะห์ business rules, ERD และ OpenAPI spec: Observability | E83: SA | F83: =WBS!R23 -> 0.7 | G83: =WBS!H23 -> P1 | H83: =WBS!G23 -> Should | I83: PLT-01 | L83: To Do
A84: PLT-19-BE | B84: PLT-19 | C84: PLT | D84: [Go] OpenTelemetry (trace / metric / log) ใน Go, Prometheus + Grafana + Loki, alert rules | E84: BE | F84: =WBS!P23 -> 3 | G84: =WBS!H23 -> P1 | H84: =WBS!G23 -> Should | I84: PLT-19-SA | L84: To Do
A85: PLT-19-FE | B85: PLT-19 | C85: PLT | D85: [Next.js] instrument Next.js (server + web vitals) | E85: FE | F85: =WBS!Q23 -> 3 | G85: =WBS!H23 -> P1 | H85: =WBS!G23 -> Should | I85: PLT-19-SA | L85: To Do
A86: PLT-19-QA | B86: PLT-19 | C86: PLT | D86: test case + automated test: มี dashboard สุขภาพระบบ และแจ้งเตือนเมื่อ error rate หรือ latency เกินเกณฑ์ | E86: QA | F86: =WBS!T23 -> 2.1 | G86: =WBS!H23 -> P1 | H86: =WBS!G23 -> Should | I86: PLT-19-BE, PLT-19-FE | L86: To Do
A87: PLT-20-SA | B87: PLT-20 | C87: PLT | D87: วิเคราะห์ business rules, ERD และ OpenAPI spec: Connector framework | E87: SA | F87: =WBS!R24 -> 1.8 | G87: =WBS!H24 -> P3 | H87: =WBS!G24 -> Should | I87: PLT-11 | L87: To Do
A88: PLT-20-UX | B88: PLT-20 | C88: PLT | D88: ออกแบบหน้าจอและ prototype: Connector framework | E88: UX | F88: =WBS!S24 -> 2 | G88: =WBS!H24 -> P3 | H88: =WBS!G24 -> Should | I88: PLT-20-SA | L88: To Do
A89: PLT-20-BE | B89: PLT-20 | C89: PLT | D89: [Go] Connector SDK ใน Go (test, discover, search subject, update / delete), credential เข้ารหัส, ตั้งเวลา; ชุดแรก PostgreSQL, MySQL, SQL Server, REST ทั่วไป | E89: BE | F89: =WBS!P24 -> 10 | G89: =WBS!H24 -> P3 | H89: =WBS!G24 -> Should | I89: PLT-20-SA | L89: To Do
A90: PLT-20-FE | B90: PLT-20 | C90: PLT | D90: [Next.js] หน้าจัดการ connector + ปุ่มทดสอบการเชื่อมต่อ | E90: FE | F90: =WBS!Q24 -> 5 | G90: =WBS!H24 -> P3 | H90: =WBS!G24 -> Should | I90: PLT-20-UX | L90: To Do
A91: PLT-20-QA | B91: PLT-20 | C91: PLT | D91: test case + automated test: เพิ่ม connector ใหม่ได้โดยไม่แก้โมดูลหลัก และทดสอบการเชื่อมต่อจากหน้าจอได้ | E91: QA | F91: =WBS!T24 -> 5.3 | G91: =WBS!H24 -> P3 | H91: =WBS!G24 -> Should | I91: PLT-20-BE, PLT-20-FE | L91: To Do
A92: PLT-21-SA | B92: PLT-21 | C92: PLT | D92: วิเคราะห์ business rules, ERD และ OpenAPI spec: ค้นหาข้ามระบบ | E92: SA | F92: =WBS!R25 -> 1 | G92: =WBS!H25 -> P3 | H92: =WBS!G25 -> Should | I92: IAM-02 | L92: To Do
A93: PLT-21-BE | B93: PLT-21 | C93: PLT | D93: [Go] ค้นหาข้าม entity ด้วย PostgreSQL pg_trgm (รองรับภาษาไทย) กรองตามสิทธิ์; ทางเลือก OpenSearch + Thai analyzer เมื่อข้อมูลโต | E93: BE | F93: =WBS!P25 -> 5 | G93: =WBS!H25 -> P3 | H93: =WBS!G25 -> Should | I93: PLT-21-SA | L93: To Do
A94: PLT-21-FE | B94: PLT-21 | C94: PLT | D94: [Next.js] ช่องค้นหากลาง (Cmd+K) + ผลลัพธ์แยกประเภท | E94: FE | F94: =WBS!Q25 -> 3 | G94: =WBS!H25 -> P3 | H94: =WBS!G25 -> Should | I94: PLT-21-SA | L94: To Do
A95: PLT-21-QA | B95: PLT-21 | C95: PLT | D95: test case + automated test: ผลค้นหาไม่แสดงข้อมูลที่ผู้ใช้ไม่มีสิทธิ์ | E95: QA | F95: =WBS!T25 -> 2.8 | G95: =WBS!H25 -> P3 | H95: =WBS!G25 -> Should | I95: PLT-21-BE, PLT-21-FE | L95: To Do
A96: PLT-22-SA | B96: PLT-22 | C96: PLT | D96: วิเคราะห์ business rules, ERD และ OpenAPI spec: AI gateway | E96: SA | F96: =WBS!R26 -> 1 | G96: =WBS!H26 -> P4 | H96: =WBS!G26 -> Nice-to-have | I96: PLT-13 | L96: To Do
A97: PLT-22-BE | B97: PLT-22 | C97: PLT | D97: [Go] abstraction ผู้ให้บริการ LLM (API หรือ on-prem ผ่าน vLLM), ปกปิด PII ก่อนส่ง, prompt template มีเวอร์ชัน, โควตา / ค่าใช้จ่ายต่อ tenant, log เพื่อ audit, RAG ด้วย pgvector | E97: BE | F97: =WBS!P26 -> 5 | G97: =WBS!H26 -> P4 | H97: =WBS!G26 -> Nice-to-have | I97: PLT-22-SA | L97: To Do
A98: PLT-22-FE | B98: PLT-22 | C98: PLT | D98: [Next.js] หน้าตั้งค่า AI ต่อ tenant (เปิด/ปิด, เลือก provider), ป้าย 'AI แนะนำ' + ปุ่มยืนยัน | E98: FE | F98: =WBS!Q26 -> 3 | G98: =WBS!H26 -> P4 | H98: =WBS!G26 -> Nice-to-have | I98: PLT-22-SA | L98: To Do
A99: PLT-22-QA | B99: PLT-22 | C99: PLT | D99: test case + automated test: เมื่อเปิดโหมดปกปิด ไม่มีข้อมูลระบุตัวตนถูกส่งออกนอกระบบ; ผลจาก AI ต้องมีคนยืนยันก่อนบันทึก | E99: QA | F99: =WBS!T26 -> 2.8 | G99: =WBS!H26 -> P4 | H99: =WBS!G26 -> Nice-to-have | I99: PLT-22-BE, PLT-22-FE | L99: To Do
A100: IAM-01-SA | B100: IAM-01 | C100: IAM | D100: วิเคราะห์ business rules, ERD และ OpenAPI spec: Identity provider และ login flow | E100: SA | F100: =WBS!R27 -> 1.8 | G100: =WBS!H27 -> P0 | H100: =WBS!G27 -> Must | I100: PLT-01, PLT-02 | L100: To Do
A101: IAM-01-UX | B101: IAM-01 | C101: IAM | D101: ออกแบบหน้าจอและ prototype: Identity provider และ login flow | E101: UX | F101: =WBS!S27 -> 2 | G101: =WBS!H27 -> P0 | H101: =WBS!G27 -> Must | I101: IAM-01-SA | L101: To Do
...

Sheet Project_Tasks
A1: งานโครงการและงานสนับสนุน (ไม่ใช่ฟีเจอร์)
A2: ช่องสีเหลืองคือ man-day ที่ประมาณ แก้ได้ | แถว T00 คำนวณจากจำนวน sprint ของแต่ละ phase
A4: ID | B4: Phase | C4: หมวด | D4: งาน | E4: ผลลัพธ์ (Deliverable) | F4: ขึ้นกับ | G4: PM | H4: SA | I4: UX | J4: BE | K4: FE | L4: QA | M4: DevOps | N4: Legal/DPO | O4: Doc | P4: รวม (วัน)
A5: T00-P0 | B5: P0 | C5: งานต่อเนื่อง | D5: บริหารโครงการ + DevOps ต่อเนื่อง Phase 0 (PM: ceremonies, status report, steering, risk/issue, change control; DevOps: environment, release, monitoring, on-call) | E5: รายงานสถานะ, release | F5: - | G5: =Roadmap!N5*Assumptions!$B$11 -> 18 | M5: =Roadmap!N5*Assumptions!$B$13 -> 30 | P5: =SUM(G5:O5) -> 48
A6: T00-P1 | B6: P1 | C6: งานต่อเนื่อง | D6: บริหารโครงการ + DevOps ต่อเนื่อง Phase 1 | E6: รายงานสถานะ, release | F6: - | G6: =Roadmap!N6*Assumptions!$B$11 -> 27 | M6: =Roadmap!N6*Assumptions!$B$13 -> 45 | P6: =SUM(G6:O6) -> 72
A7: T00-P2 | B7: P2 | C7: งานต่อเนื่อง | D7: บริหารโครงการ + DevOps ต่อเนื่อง Phase 2 | E7: รายงานสถานะ, release | F7: - | G7: =Roadmap!N7*Assumptions!$B$11 -> 15 | M7: =Roadmap!N7*Assumptions!$B$13 -> 25 | P7: =SUM(G7:O7) -> 40
A8: T00-P3 | B8: P3 | C8: งานต่อเนื่อง | D8: บริหารโครงการ + DevOps ต่อเนื่อง Phase 3 | E8: รายงานสถานะ, release | F8: - | G8: =Roadmap!N8*Assumptions!$B$11 -> 24 | M8: =Roadmap!N8*Assumptions!$B$13 -> 40 | P8: =SUM(G8:O8) -> 64
A9: T00-P4 | B9: P4 | C9: งานต่อเนื่อง | D9: บริหารโครงการ + DevOps ต่อเนื่อง Phase 4 | E9: รายงานสถานะ, release | F9: - | G9: =Roadmap!N9*Assumptions!$B$11 -> 12 | M9: =Roadmap!N9*Assumptions!$B$13 -> 20 | P9: =SUM(G9:O9) -> 32
A10: T01 | B10: P0 | C10: บริหารโครงการ | D10: Kickoff, project charter, RACI และแผนการสื่อสาร | E10: Charter, RACI | F10: - | G10: 5 | H10: 1 | P10: =SUM(G10:O10) -> 6
A11: T02 | B11: P0 | C11: วิเคราะห์ | D11: Workshop ความต้องการกับ DPO / กฎหมาย / ธุรกิจ ครบ 15 โมดูล + User & Permission | E11: User stories, requirement notes | F11: T01 | G11: 8 | H11: 16 | I11: 4 | N11: 8 | P11: =SUM(G11:O11) -> 36
A12: T03 | B12: P0 | C12: วิเคราะห์ | D12: วิเคราะห์ระบบ Consent เดิม (.NET, FSD V3.2): business rules, domain model, test case และแผนย้ายข้อมูลมาระบบ Go | E12: Reuse & migration plan | F12: T02 | H12: 5 | J12: 3 | L12: 2 | P12: =SUM(G12:O12) -> 10
A13: T04 | B13: P0 | C13: สถาปัตยกรรม | D13: Solution Architecture Document, NFR และ ADR (Next.js, Go, PostgreSQL, Keycloak, River, Gotenberg) + ตรวจ license ของ open source ทุกตัว | E13: SAD, NFR, ADR | F13: T02 | H13: 8 | J13: 4 | K13: 2 | M13: 2 | P13: =SUM(G13:O13) -> 16
A14: T05 | B14: P0 | C14: สถาปัตยกรรม | D14: ERD, data dictionary และมาตรฐาน OpenAPI (naming, error RFC 9457, pagination, x-permission) | E14: ERD, API guideline | F14: T04 | H14: 8 | J14: 4 | P14: =SUM(G14:O14) -> 12
A15: T06 | B15: P0 | C15: วิเคราะห์ | D15: ยืนยันโมเดลสิทธิ์ (Role / Permission / Data scope / Guest) กับลูกค้า | E15: ชีต Roles_Permissions ฉบับอนุมัติ | F15: T02 | G15: 1 | H15: 3 | N15: 1 | P15: =SUM(G15:O15) -> 5
A16: T07 | B16: P0 | C16: UX | D16: Design system (shadcn/ui + Tailwind), information architecture และ prototype หน้าหลักของ admin และ portal | E16: Figma + UI kit | F16: T02 | H16: 2 | I16: 12 | K16: 3 | P16: =SUM(G16:O16) -> 17
A17: T08 | B17: P0 | C17: บริหารโครงการ | D17: Product backlog, release plan, Definition of Ready / Done และประมาณการรอบแรก | E17: Backlog, release plan | F17: T02 | G17: 4 | H17: 4 | P17: =SUM(G17:O17) -> 8
A18: T09 | B18: P0 | C18: Infra & DevOps | D18: Environment Dev / SIT / UAT / Prod บน Kubernetes + IaC (OpenTofu/Terraform) + PostgreSQL HA, Valkey, object storage, Keycloak | E18: Environments | F18: T04 | M18: 10 | P18: =SUM(G18:O18) -> 10
A19: T10 | B19: P0 | C19: Infra & DevOps | D19: CI/CD: golangci-lint, ESLint, unit test, SAST (gosec/Semgrep), govulncheck/OSV-Scanner, Trivy, SBOM (Syft), image signing (cosign), GitOps deploy | E19: Pipeline | F19: T09 | J19: 1 | K19: 1 | M19: 6 | P19: =SUM(G19:O19) -> 8
A20: T11 | B20: P0 | C20: ทดสอบ | D20: Test strategy และ test plan | E20: Test plan | F20: T02 | L20: 4 | P20: =SUM(G20:O20) -> 4
A21: T12 | B21: P0 | C21: ทดสอบ | D21: Test automation framework: Go integration test (testcontainers-go), API contract test จาก OpenAPI, Playwright E2E, k6 | E21: Automation framework | F21: T11 | J21: 2 | L21: 10 | P21: =SUM(G21:O21) -> 12
A22: T13 | B22: P0 | C22: สถาปัตยกรรม | D22: PoC ความเสี่ยงเทคนิค: Keycloak multi-tenant + theme, cookie scanner (chromedp), PDF/DOCX ภาษาไทย, OCR และตรวจจับ PII ภาษาไทย | E22: PoC report | F22: T04 | H22: 3 | J22: 10 | K22: 3 | P22: =SUM(G22:O22) -> 16
A23: T14 | B23: P0 | C23: Security | D23: Threat modeling (STRIDE) และ security requirements ของแพลตฟอร์ม | E23: Threat model | F23: T04 | H23: 3 | J23: 2 | M23: 1 | P23: =SUM(G23:O23) -> 6
A24: T15 | B24: P1 | C24: กฎหมาย | D24: เนื้อหาชุด P1 (TH/EN): template ประกาศ 8 กลุ่ม, ข้อความยินยอม, หนังสือตอบคำขอ, แบบแจ้ง สคส., กิจกรรมมาตรฐานราว 50 รายการ, checklist มาตรการความปลอดภัย | E24: Legal content P1 | F24: T02 | N24: 20 | P24: =SUM(G24:O24) -> 20
A25: T16 | B25: P1 | C25: วิเคราะห์ | D25: Integration specification: CRM / POS / LINE OA / Email / SMS gateway / SSO (Entra ID, Google) / ThaID | E25: Integration spec | F25: T04 | H25: 5 | J25: 2 | P25: =SUM(G25:O25) -> 7
A26: T17 | B26: P1 | C26: Infra & DevOps | D26: Production บน cloud ที่มี data center ในไทย + CDN สำหรับ cookie SDK + WAF + Helm chart | E26: Production | F26: T09 | M26: 8 | P26: =SUM(G26:O26) -> 8
A27: T18 | B27: P1 | C27: Infra & DevOps | D27: Monitoring / logging / alert (ร่วมกับ PLT-19) + on-call runbook | E27: Dashboards, runbook | F27: T17 | M27: 3 | P27: =SUM(G27:O27) -> 3
A28: T19 | B28: P1 | C28: Infra & DevOps | D28: Backup, PITR, DR + ทดสอบ restore | E28: DR runbook | F28: T17 | M28: 4 | P28: =SUM(G28:O28) -> 4
A29: T20 | B29: P1 | C29: Security | D29: Security hardening: TLS, CSP, secret ใน KMS/OpenBao, network policy, hardening Keycloak | E29: Hardening checklist | F29: T17 | J29: 1 | M29: 4 | P29: =SUM(G29:O29) -> 5
A30: T21 | B30: P1 | C30: ทดสอบ | D30: SIT รอบรวม Phase 1 | E30: SIT report | F30: ฟีเจอร์ P1 | J30: 3 | K30: 3 | L30: 12 | P30: =SUM(G30:O30) -> 18
A31: T22 | B31: P1 | C31: ทดสอบ | D31: Performance / load test (k6): Consent API, config แบนเนอร์ผ่าน CDN, portal | E31: Performance report | F31: T21 | J31: 3 | L31: 5 | M31: 2 | P31: =SUM(G31:O31) -> 10
A32: T23 | B32: P1 | C32: Security | D32: Security test (SAST/DAST ด้วย OWASP ZAP, OWASP Top 10, ทดสอบการแยก tenant) + แก้ไข | E32: Security test report | F32: T21 | J32: 5 | K32: 2 | L32: 4 | P32: =SUM(G32:O32) -> 11
A33: T24 | B33: P1 | C33: Security | D33: Penetration test โดยบุคคลภายนอก + retest (ค่าบริการแยก) | E33: Pentest report | F33: T23 | G33: 1 | J33: 5 | K33: 2 | P33: =SUM(G33:O33) -> 8
A34: T25 | B34: P1 | C34: ทดสอบ | D34: UAT Phase 1 (เตรียมข้อมูล ประสานงาน แก้ไข) | E34: UAT sign-off | F34: T21 | G34: 5 | H34: 3 | J34: 3 | K34: 3 | L34: 6 | P34: =SUM(G34:O34) -> 20
A35: T26 | B35: P1 | C35: ย้ายข้อมูล | D35: ย้ายข้อมูลความยินยอมจากระบบ Consent เดิมและ RoPA จาก Excel (ใช้ CON-22, ROPA-18) + reconcile | E35: Migration report | F35: T25 | H35: 2 | J35: 5 | L35: 3 | P35: =SUM(G35:O35) -> 10
A36: T27 | B36: P1 | C36: เอกสาร/อบรม | D36: คู่มือผู้ใช้และผู้ดูแลระบบ TH/EN | E36: User & admin guide | F36: T25 | H36: 2 | O36: 10 | P36: =SUM(G36:O36) -> 12
A37: T28 | B37: P1 | C37: เอกสาร/อบรม | D37: เอกสาร API + ตัวอย่างติดตั้ง cookie SDK และ Consent API | E37: Developer docs | F37: CON-16 | J37: 3 | K37: 2 | P37: =SUM(G37:O37) -> 5
A38: T29 | B38: P1 | C38: เอกสาร/อบรม | D38: อบรมผู้ใช้ + Train the trainer | E38: Training | F38: T27 | G38: 2 | H38: 3 | P38: =SUM(G38:O38) -> 5
A39: T30 | B39: P1 | C39: กฎหมาย | D39: Legal review ตามประกาศ สคส. ล่าสุด ก่อน go-live Phase 1 | E39: Legal sign-off | F39: T25 | N39: 3 | P39: =SUM(G39:O39) -> 3
A40: T31 | B40: P1 | C40: กฎหมาย | D40: PDPA ของตัวแพลตฟอร์มเอง: RoPA ของบริการ, DPA ให้ลูกค้า, privacy by design review | E40: Platform compliance pack | F40: T04 | H40: 2 | M40: 1 | N40: 5 | P40: =SUM(G40:O40) -> 8
A41: T32 | B41: P1 | C41: Go-live | D41: Go-live readiness, cutover plan และ go-live | E41: Go-live checklist | F41: T25 | G41: 3 | J41: 1 | M41: 3 | P41: =SUM(G41:O41) -> 7
A42: T33 | B42: P1 | C42: Go-live | D42: Hypercare 2 สัปดาห์หลัง go-live | E42: Hypercare log | F42: T32 | G42: 5 | J42: 8 | K42: 5 | L42: 4 | P42: =SUM(G42:O42) -> 22
A43: T34 | B43: P2 | C43: กฎหมาย | D43: เนื้อหาชุด P2: template DPIA/LIA/TIA, แบบประเมินคู่ค้า, DPA/DSA TH/EN และ clause มาตรฐาน | E43: Legal content P2 | F43: T15 | N43: 15 | P43: =SUM(G43:O43) -> 15
A44: T35 | B44: P2 | C44: วิเคราะห์ | D44: Integration spec: e-signature และระบบจัดซื้อ/ทะเบียนคู่ค้า | E44: Integration spec | F44: T16 | H44: 3 | J44: 1 | P44: =SUM(G44:O44) -> 4
A45: T36 | B45: P2 | C45: ทดสอบ | D45: SIT + UAT Phase 2 | E45: UAT sign-off | F45: ฟีเจอร์ P2 | G45: 4 | H45: 2 | J45: 4 | K45: 4 | L45: 12 | P45: =SUM(G45:O45) -> 26
A46: T37 | B46: P2 | C46: กฎหมาย | D46: Legal review ก่อน go-live Phase 2 | E46: Legal sign-off | F46: T36 | N46: 3 | P46: =SUM(G46:O46) -> 3
A47: T38 | B47: P2 | C47: เอกสาร/อบรม | D47: อัปเดตคู่มือ + อบรม Phase 2 | E47: คู่มือฉบับปรับปรุง | F47: T36 | H47: 2 | O47: 6 | P47: =SUM(G47:O47) -> 8
A48: T39 | B48: P2 | C48: Go-live | D48: Go-live + Hypercare Phase 2 | E48: Go-live checklist | F48: T36 | G48: 4 | J48: 5 | K48: 3 | L48: 2 | M48: 2 | P48: =SUM(G48:O48) -> 16
A49: T40 | B49: P3 | C49: กฎหมาย | D49: เนื้อหาชุด P3: template ตามอุตสาหกรรม (ประกาศ / RoPA), แม่แบบภาครัฐ สพร., คลังความรู้ DPO | E49: Legal content P3 | F49: T34 | N49: 12 | P49: =SUM(G49:O49) -> 12
A50: T41 | B50: P3 | C50: Infra & DevOps | D50: ชุดติดตั้ง on-prem (Helm / Docker Compose), อัปเดตแบบ offline, support matrix | E50: On-prem package | F50: T17 | J50: 2 | M50: 8 | P50: =SUM(G50:O50) -> 10
A51: T42 | B51: P3 | C51: ทดสอบ | D51: SIT + UAT Phase 3 | E51: UAT sign-off | F51: ฟีเจอร์ P3 | G51: 4 | H51: 2 | J51: 4 | K51: 4 | L51: 14 | P51: =SUM(G51:O51) -> 28
A52: T43 | B52: P3 | C52: เอกสาร/อบรม | D52: อัปเดตคู่มือ + อบรม Phase 3 | E52: คู่มือฉบับปรับปรุง | F52: T42 | H52: 2 | O52: 6 | P52: =SUM(G52:O52) -> 8
A53: T44 | B53: P3 | C53: Go-live | D53: Go-live + Hypercare Phase 3 | E53: Go-live checklist | F53: T42 | G53: 3 | J53: 4 | K53: 2 | L53: 2 | M53: 2 | P53: =SUM(G53:O53) -> 13
A54: T45 | B54: P4 | C54: ทดสอบ | D54: ประเมินคุณภาพ AI: ชุดทดสอบภาษาไทย, hallucination, prompt injection, PII leakage | E54: AI evaluation report | F54: PLT-22 | H54: 2 | J54: 3 | L54: 5 | N54: 2 | P54: =SUM(G54:O54) -> 12
A55: T46 | B55: P4 | C55: ทดสอบ | D55: SIT + UAT Phase 4 | E55: UAT sign-off | F55: ฟีเจอร์ P4 | G55: 3 | H55: 1 | J55: 3 | K55: 2 | L55: 8 | P55: =SUM(G55:O55) -> 17
A56: T47 | B56: P4 | C56: เอกสาร/อบรม | D56: อัปเดตคู่มือ Phase 4 | E56: คู่มือฉบับปรับปรุง | F56: T46 | O56: 3 | P56: =SUM(G56:O56) -> 3
A57: T48 | B57: P4 | C57: Go-live | D57: Go-live + Hypercare Phase 4 | E57: Go-live checklist | F57: T46 | G57: 2 | J57: 3 | K57: 1 | L57: 1 | M57: 2 | P57: =SUM(G57:O57) -> 9
D59: รวมทั้งหมด | G59: =SUM(G5:G57) -> 150 | H59: =SUM(H5:H57) -> 84 | I59: =SUM(I5:I57) -> 16 | J59: =SUM(J5:J57) -> 94 | K59: =SUM(K5:K57) -> 42 | L59: =SUM(L5:L57) -> 94 | M59: =SUM(M5:M57) -> 218 | N59: =SUM(N5:N57) -> 69 | ... P59: =SUM(P5:P57) -> 792

Sheet Roadmap
A1: Roadmap, ระยะเวลา และงบประมาณ
A2: ระยะเวลาต่อ phase = บทบาทคอขวดที่ต้องใช้ sprint มากที่สุด (คอลัมน์ W:AB; DevOps ไม่นับงานต่อเนื่อง) | phase ถัดไปเริ่มหลัง phase ก่อนหน้า | งบทีมเต็มเวลา = คน × sprint × วัน × อัตรา
W3: Sprint ที่แต่ละบทบาทต้องใช้ (รวม contingency)
A4: Phase | B4: ขอบเขต | C4: SA | D4: UX | E4: BE | F4: FE | G4: QA | H4: DevOps | I4: PM | J4: Legal/DPO | K4: Doc | L4: รวม (man-day) | M4: รวม + contingency | N4: Sprints | O4: Sprint เริ่ม | P4: Sprint สิ้นสุด | Q4: วันเริ่ม | R4: วันสิ้นสุด | S4: เดือน (ประมาณ) | T4: งบตาม effort (บาท) | U4: งบทีมเต็มเวลา (บาท) | V4: บทบาทคอขวด | W4: SA | X4: UX | Y4: BE | Z4: FE | AA4: QA | AB4: DevOps
A5: P0 | B5: Foundation + User & Permission: โครง Go / Next.js, multi-tenant, บริการกลาง, ผู้ใช้ สิทธิ์ และข้อมูลหน่วยงาน | C5: =SUMIFS(WBS!$R$5:$R$279,WBS!$H$5:$H$279,$A5)+SUMIFS(Project_Tasks!$H$5:$H$57,Project_Tasks!$B$5:$B$57,$A5) -> 91.1 | D5: =SUMIFS(WBS!$S$5:$S$279,WBS!$H$5:$H$279,$A5)+SUMIFS(Project_Tasks!$I$5:$I$57,Project_Tasks!$B$5:$B$57,$A5) -> 50.4 | E5: =SUMIFS(WBS!$P$5:$P$279,WBS!$H$5:$H$279,$A5)+SUMIFS(Project_Tasks!$J$5:$J$57,Project_Tasks!$B$5:$B$57,$A5) -> 213 | F5: =SUMIFS(WBS!$Q$5:$Q$279,WBS!$H$5:$H$279,$A5)+SUMIFS(Project_Tasks!$K$5:$K$57,Project_Tasks!$B$5:$B$57,$A5) -> 136 | G5: =SUMIFS(WBS!$T$5:$T$279,WBS!$H$5:$H$279,$A5)+SUMIFS(Project_Tasks!$L$5:$L$57,Project_Tasks!$B$5:$B$57,$A5) -> 126.4 | H5: =SUMIFS(Project_Tasks!$M$5:$M$57,Project_Tasks!$B$5:$B$57,$A5) -> 49 | I5: =SUMIFS(Project_Tasks!$G$5:$G$57,Project_Tasks!$B$5:$B$57,$A5) -> 36 | J5: =SUMIFS(Project_Tasks!$N$5:$N$57,Project_Tasks!$B$5:$B$57,$A5) -> 9 | K5: =SUMIFS(Project_Tasks!$O$5:$O$57,Project_Tasks!$B$5:$B$57,$A5) -> 0 | L5: =SUM(C5:K5) -> 710.9 | M5: =L5*(1+Assumptions!$B$7) -> 817.535 | N5: =ROUNDUP(MAX(W5:AB5),0) -> 6 | O5: 1 | P5: =O5+N5-1 -> 6 | Q5: =Assumptions!$B$12+(O5-1)*14 -> 46328 | R5: =Assumptions!$B$12+P5*14-3 -> 46409 | S5: =ROUND(N5*14/30.4,1) -> 2.8 | T5: =(C5*Assumptions!$G$24+D5*Assumptions!$G$25+E5*Assumptions!$G$26+F5*Assumptions!$G$27+G5*Assumptions!$G$28+H5*Assumptions!$G$29+I5*Assumptions!$G$23+J5*Assumptions!$G$30+K5*Assumptions!$G$31)*(1+Assumptions!$B$7) -> 4897505 | U5: =(Assumptions!$B$24*Assumptions!$G$24+Assumptions!$B$25*Assumptions!$G$25+Assumptions!$B$26*Assumptions!$G$26+Assumptions!$B$27*Assumptions!$G$27+Assumptions!$B$28*Assumptions!$G$28+Assumptions!$B$29*Assumptions!$G$29+Assumptions!$B$23*Assumptions!$G$23+Assumptions!$B$30*Assumptions!$G$30+Assumptions!$B$31*Assumptions!$G$31)*N5*Assumptions!$B$5 -> 8205000 | V5: =INDEX($W$4:$AB$4,MATCH(MAX(W5:AB5),W5:AB5,0)) -> BE | W5: =IF(Assumptions!$B$24>0,C5*(1+Assumptions!$B$7)/(Assumptions!$B$24*Assumptions!$B$5*Assumptions!$B$6),0) -> 4.3652083 | X5: =IF(Assumptions!$B$25>0,D5*(1+Assumptions!$B$7)/(Assumptions!$B$25*Assumptions!$B$5*Assumptions!$B$6),0) -> 3.6225 | Y5: =IF(Assumptions!$B$26>0,E5*(1+Assumptions!$B$7)/(Assumptions!$B$26*Assumptions!$B$5*Assumptions!$B$6),0) -> 5.103125 | Z5: =IF(Assumptions!$B$27>0,F5*(1+Assumptions!$B$7)/(Assumptions!$B$27*Assumptions!$B$5*Assumptions!$B$6),0) -> 4.8875 | AA5: =IF(Assumptions!$B$28>0,G5*(1+Assumptions!$B$7)/(Assumptions!$B$28*Assumptions!$B$5*Assumptions!$B$6),0) -> 4.5425 | AB5: =IF(Assumptions!$B$29>0,SUMIFS(Project_Tasks!$M$5:$M$57,Project_Tasks!$B$5:$B$57,$A5,Project_Tasks!$C$5:$C$57,"<>งานต่อเนื่อง")*(1+Assumptions!$B$7)/(Assumptions!$B$29*Assumptions!$B$5*Assumptions!$B$6),0) -> 1.365625
A6: P1 | B6: MVP กฎหมายหลัก: Consent & Cookie, Privacy Notice, RoPA, DSAR, Breach และ DPO พื้นฐาน พร้อมใช้งานจริง | C6: =SUMIFS(WBS!$R$5:$R$279,WBS!$H$5:$H$279,$A6)+SUMIFS(Project_Tasks!$H$5:$H$57,Project_Tasks!$B$5:$B$57,$A6) -> 104.6 | D6: =SUMIFS(WBS!$S$5:$S$279,WBS!$H$5:$H$279,$A6)+SUMIFS(Project_Tasks!$I$5:$I$57,Project_Tasks!$B$5:$B$57,$A6) -> 72 | E6: =SUMIFS(WBS!$P$5:$P$279,WBS!$H$5:$H$279,$A6)+SUMIFS(Project_Tasks!$J$5:$J$57,Project_Tasks!$B$5:$B$57,$A6) -> 408 | F6: =SUMIFS(WBS!$Q$5:$Q$279,WBS!$H$5:$H$279,$A6)+SUMIFS(Project_Tasks!$K$5:$K$57,Project_Tasks!$B$5:$B$57,$A6) -> 372 | G6: =SUMIFS(WBS!$T$5:$T$279,WBS!$H$5:$H$279,$A6)+SUMIFS(Project_Tasks!$L$5:$L$57,Project_Tasks!$B$5:$B$57,$A6) -> 287.8 | H6: =SUMIFS(Project_Tasks!$M$5:$M$57,Project_Tasks!$B$5:$B$57,$A6) -> 70 | I6: =SUMIFS(Project_Tasks!$G$5:$G$57,Project_Tasks!$B$5:$B$57,$A6) -> 43 | J6: =SUMIFS(Project_Tasks!$N$5:$N$57,Project_Tasks!$B$5:$B$57,$A6) -> 28 | K6: =SUMIFS(Project_Tasks!$O$5:$O$57,Project_Tasks!$B$5:$B$57,$A6) -> 10 | L6: =SUM(C6:K6) -> 1395.4 | M6: =L6*(1+Assumptions!$B$7) -> 1604.71 | N6: =ROUNDUP(MAX(W6:AB6),0) -> 9 | O6: =P5+1 -> 7 | P6: =O6+N6-1 -> 15 | Q6: =Assumptions!$B$12+(O6-1)*14 -> 46412 | R6: =Assumptions!$B$12+P6*14-3 -> 46535 | S6: =ROUND(N6*14/30.4,1) -> 4.1 | T6: =(C6*Assumptions!$G$24+D6*Assumptions!$G$25+E6*Assumptions!$G$26+F6*Assumptions!$G$27+G6*Assumptions!$G$28+H6*Assumptions!$G$29+I6*Assumptions!$G$23+J6*Assumptions!$G$30+K6*Assumptions!$G$31)*(1+Assumptions!$B$7) -> 9356745 | U6: =(Assumptions!$C$24*Assumptions!$G$24+Assumptions!$C$25*Assumptions!$G$25+Assumptions!$C$26*Assumptions!$G$26+Assumptions!$C$27*Assumptions!$G$27+Assumptions!$C$28*Assumptions!$G$28+Assumptions!$C$29*Assumptions!$G$29+Assumptions!$C$23*Assumptions!$G$23+Assumptions!$C$30*Assumptions!$G$30+Assumptions!$C$31*Assumptions!$G$31)*N6*Assumptions!$B$5 -> 13657500 | V6: =INDEX($W$4:$AB$4,MATCH(MAX(W6:AB6),W6:AB6,0)) -> FE | W6: =IF(Assumptions!$C$24>0,C6*(1+Assumptions!$B$7)/(Assumptions!$C$24*Assumptions!$B$5*Assumptions!$B$6),0) -> 7.518125 | X6: =IF(Assumptions!$C$25>0,D6*(1+Assumptions!$B$7)/(Assumptions!$C$25*Assumptions!$B$5*Assumptions!$B$6),0) -> 5.175 | Y6: =IF(Assumptions!$C$26>0,E6*(1+Assumptions!$B$7)/(Assumptions!$C$26*Assumptions!$B$5*Assumptions!$B$6),0) -> 8.3785714 | Z6: =IF(Assumptions!$C$27>0,F6*(1+Assumptions!$B$7)/(Assumptions!$C$27*Assumptions!$B$5*Assumptions!$B$6),0) -> 8.9125 | AA6: =IF(Assumptions!$C$28>0,G6*(1+Assumptions!$B$7)/(Assumptions!$C$28*Assumptions!$B$5*Assumptions!$B$6),0) -> 8.27425 | AB6: =IF(Assumptions!$C$29>0,SUMIFS(Project_Tasks!$M$5:$M$57,Project_Tasks!$B$5:$B$57,$A6,Project_Tasks!$C$5:$C$57,"<>งานต่อเนื่อง")*(1+Assumptions!$B$7)/(Assumptions!$C$29*Assumptions!$B$5*Assumptions!$B$6),0) -> 1.796875
A7: P2 | B7: Governance & คู่ค้า: DPIA, ความเสี่ยง RoPA, RoPA Template, Data Flow, Vendor, DPA, DSA, Retention และ TIA | C7: =SUMIFS(WBS!$R$5:$R$279,WBS!$H$5:$H$279,$A7)+SUMIFS(Project_Tasks!$H$5:$H$57,Project_Tasks!$B$5:$B$57,$A7) -> 50.7 | D7: =SUMIFS(WBS!$S$5:$S$279,WBS!$H$5:$H$279,$A7)+SUMIFS(Project_Tasks!$I$5:$I$57,Project_Tasks!$B$5:$B$57,$A7) -> 30 | E7: =SUMIFS(WBS!$P$5:$P$279,WBS!$H$5:$H$279,$A7)+SUMIFS(Project_Tasks!$J$5:$J$57,Project_Tasks!$B$5:$B$57,$A7) -> 191 | F7: =SUMIFS(WBS!$Q$5:$Q$279,WBS!$H$5:$H$279,$A7)+SUMIFS(Project_Tasks!$K$5:$K$57,Project_Tasks!$B$5:$B$57,$A7) -> 190 | G7: =SUMIFS(WBS!$T$5:$T$279,WBS!$H$5:$H$279,$A7)+SUMIFS(Project_Tasks!$L$5:$L$57,Project_Tasks!$B$5:$B$57,$A7) -> 141.6 | H7: =SUMIFS(Project_Tasks!$M$5:$M$57,Project_Tasks!$B$5:$B$57,$A7) -> 27 | I7: =SUMIFS(Project_Tasks!$G$5:$G$57,Project_Tasks!$B$5:$B$57,$A7) -> 23 | J7: =SUMIFS(Project_Tasks!$N$5:$N$57,Project_Tasks!$B$5:$B$57,$A7) -> 18 | K7: =SUMIFS(Project_Tasks!$O$5:$O$57,Project_Tasks!$B$5:$B$57,$A7) -> 6 | L7: =SUM(C7:K7) -> 677.3 | M7: =L7*(1+Assumptions!$B$7) -> 778.895 | N7: =ROUNDUP(MAX(W7:AB7),0) -> 5 | O7: =P6+1 -> 16 | P7: =O7+N7-1 -> 20 | Q7: =Assumptions!$B$12+(O7-1)*14 -> 46538 | R7: =Assumptions!$B$12+P7*14-3 -> 46605 | S7: =ROUND(N7*14/30.4,1) -> 2.3 | T7: =(C7*Assumptions!$G$24+D7*Assumptions!$G$25+E7*Assumptions!$G$26+F7*Assumptions!$G$27+G7*Assumptions!$G$28+H7*Assumptions!$G$29+I7*Assumptions!$G$23+J7*Assumptions!$G$30+K7*Assumptions!$G$31)*(1+Assumptions!$B$7) -> 4536865 | U7: =(Assumptions!$D$24*Assumptions!$G$24+Assumptions!$D$25*Assumptions!$G$25+Assumptions!$D$26*Assumptions!$G$26+Assumptions!$D$27*Assumptions!$G$27+Assumptions!$D$28*Assumptions!$G$28+Assumptions!$D$29*Assumptions!$G$29+Assumptions!$D$23*Assumptions!$G$23+Assumptions!$D$30*Assumptions!$G$30+Assumptions!$D$31*Assumptions!$G$31)*N7*Assumptions!$B$5 -> 6987500 | V7: =INDEX($W$4:$AB$4,MATCH(MAX(W7:AB7),W7:AB7,0)) -> FE | W7: =IF(Assumptions!$D$24>0,C7*(1+Assumptions!$B$7)/(Assumptions!$D$24*Assumptions!$B$5*Assumptions!$B$6),0) -> 3.6440625 | X7: =IF(Assumptions!$D$25>0,D7*(1+Assumptions!$B$7)/(Assumptions!$D$25*Assumptions!$B$5*Assumptions!$B$6),0) -> 4.3125 | Y7: =IF(Assumptions!$D$26>0,E7*(1+Assumptions!$B$7)/(Assumptions!$D$26*Assumptions!$B$5*Assumptions!$B$6),0) -> 3.9223214 | Z7: =IF(Assumptions!$D$27>0,F7*(1+Assumptions!$B$7)/(Assumptions!$D$27*Assumptions!$B$5*Assumptions!$B$6),0) -> 4.5520833 | AA7: =IF(Assumptions!$D$28>0,G7*(1+Assumptions!$B$7)/(Assumptions!$D$28*Assumptions!$B$5*Assumptions!$B$6),0) -> 4.071 | AB7: =IF(Assumptions!$D$29>0,SUMIFS(Project_Tasks!$M$5:$M$57,Project_Tasks!$B$5:$B$57,$A7,Project_Tasks!$C$5:$C$57,"<>งานต่อเนื่อง")*(1+Assumptions!$B$7)/(Assumptions!$D$29*Assumptions!$B$5*Assumptions!$B$6),0) -> 0.2875
A8: P3 | B8: Should: ฟังก์ชันมาตรฐานตลาดและความต้องการของลูกค้าองค์กร | C8: =SUMIFS(WBS!$R$5:$R$279,WBS!$H$5:$H$279,$A8)+SUMIFS(Project_Tasks!$H$5:$H$57,Project_Tasks!$B$5:$B$57,$A8) -> 86.3 | D8: =SUMIFS(WBS!$S$5:$S$279,WBS!$H$5:$H$279,$A8)+SUMIFS(Project_Tasks!$I$5:$I$57,Project_Tasks!$B$5:$B$57,$A8) -> 38 | E8: =SUMIFS(WBS!$P$5:$P$279,WBS!$H$5:$H$279,$A8)+SUMIFS(Project_Tasks!$J$5:$J$57,Project_Tasks!$B$5:$B$57,$A8) -> 374 | F8: =SUMIFS(WBS!$Q$5:$Q$279,WBS!$H$5:$H$279,$A8)+SUMIFS(Project_Tasks!$K$5:$K$57,Project_Tasks!$B$5:$B$57,$A8) -> 324 | G8: =SUMIFS(WBS!$T$5:$T$279,WBS!$H$5:$H$279,$A8)+SUMIFS(Project_Tasks!$L$5:$L$57,Project_Tasks!$B$5:$B$57,$A8) -> 255.1 | H8: =SUMIFS(Project_Tasks!$M$5:$M$57,Project_Tasks!$B$5:$B$57,$A8) -> 50 | I8: =SUMIFS(Project_Tasks!$G$5:$G$57,Project_Tasks!$B$5:$B$57,$A8) -> 31 | J8: =SUMIFS(Project_Tasks!$N$5:$N$57,Project_Tasks!$B$5:$B$57,$A8) -> 12 | K8: =SUMIFS(Project_Tasks!$O$5:$O$57,Project_Tasks!$B$5:$B$57,$A8) -> 6 | L8: =SUM(C8:K8) -> 1176.4 | M8: =L8*(1+Assumptions!$B$7) -> 1352.86 | N8: =ROUNDUP(MAX(W8:AB8),0) -> 8 | O8: =P7+1 -> 21 | P8: =O8+N8-1 -> 28 | Q8: =Assumptions!$B$12+(O8-1)*14 -> 46608 | R8: =Assumptions!$B$12+P8*14-3 -> 46717 | S8: =ROUND(N8*14/30.4,1) -> 3.7 | T8: =(C8*Assumptions!$G$24+D8*Assumptions!$G$25+E8*Assumptions!$G$26+F8*Assumptions!$G$27+G8*Assumptions!$G$28+H8*Assumptions!$G$29+I8*Assumptions!$G$23+J8*Assumptions!$G$30+K8*Assumptions!$G$31)*(1+Assumptions!$B$7) -> 7858007.5 | U8: =(Assumptions!$E$24*Assumptions!$G$24+Assumptions!$E$25*Assumptions!$G$25+Assumptions!$E$26*Assumptions!$G$26+Assumptions!$E$27*Assumptions!$G$27+Assumptions!$E$28*Assumptions!$G$28+Assumptions!$E$29*Assumptions!$G$29+Assumptions!$E$23*Assumptions!$G$23+Assumptions!$E$30*Assumptions!$G$30+Assumptions!$E$31*Assumptions!$G$31)*N8*Assumptions!$B$5 -> 11180000 | V8: =INDEX($W$4:$AB$4,MATCH(MAX(W8:AB8),W8:AB8,0)) -> FE | W8: =IF(Assumptions!$E$24>0,C8*(1+Assumptions!$B$7)/(Assumptions!$E$24*Assumptions!$B$5*Assumptions!$B$6),0) -> 6.2028125 | X8: =IF(Assumptions!$E$25>0,D8*(1+Assumptions!$B$7)/(Assumptions!$E$25*Assumptions!$B$5*Assumptions!$B$6),0) -> 5.4625 | Y8: =IF(Assumptions!$E$26>0,E8*(1+Assumptions!$B$7)/(Assumptions!$E$26*Assumptions!$B$5*Assumptions!$B$6),0) -> 7.6803571 | Z8: =IF(Assumptions!$E$27>0,F8*(1+Assumptions!$B$7)/(Assumptions!$E$27*Assumptions!$B$5*Assumptions!$B$6),0) -> 7.7625 | AA8: =IF(Assumptions!$E$28>0,G8*(1+Assumptions!$B$7)/(Assumptions!$E$28*Assumptions!$B$5*Assumptions!$B$6),0) -> 7.334125 | AB8: =IF(Assumptions!$E$29>0,SUMIFS(Project_Tasks!$M$5:$M$57,Project_Tasks!$B$5:$B$57,$A8,Project_Tasks!$C$5:$C$57,"<>งานต่อเนื่อง")*(1+Assumptions!$B$7)/(Assumptions!$E$29*Assumptions!$B$5*Assumptions!$B$6),0) -> 1.4375
A9: P4 | B9: Nice-to-have + AI: จุดขายเพิ่มเติม ฟีเจอร์ AI และแนวโน้มตลาด | C9: =SUMIFS(WBS!$R$5:$R$279,WBS!$H$5:$H$279,$A9)+SUMIFS(Project_Tasks!$H$5:$H$57,Project_Tasks!$B$5:$B$57,$A9) -> 23.6 | D9: =SUMIFS(WBS!$S$5:$S$279,WBS!$H$5:$H$279,$A9)+SUMIFS(Project_Tasks!$I$5:$I$57,Project_Tasks!$B$5:$B$57,$A9) -> 4 | E9: =SUMIFS(WBS!$P$5:$P$279,WBS!$H$5:$H$279,$A9)+SUMIFS(Project_Tasks!$J$5:$J$57,Project_Tasks!$B$5:$B$57,$A9) -> 104 | F9: =SUMIFS(WBS!$Q$5:$Q$279,WBS!$H$5:$H$279,$A9)+SUMIFS(Project_Tasks!$K$5:$K$57,Project_Tasks!$B$5:$B$57,$A9) -> 78 | G9: =SUMIFS(WBS!$T$5:$T$279,WBS!$H$5:$H$279,$A9)+SUMIFS(Project_Tasks!$L$5:$L$57,Project_Tasks!$B$5:$B$57,$A9) -> 73.6 | H9: =SUMIFS(Project_Tasks!$M$5:$M$57,Project_Tasks!$B$5:$B$57,$A9) -> 22 | I9: =SUMIFS(Project_Tasks!$G$5:$G$57,Project_Tasks!$B$5:$B$57,$A9) -> 17 | J9: =SUMIFS(Project_Tasks!$N$5:$N$57,Project_Tasks!$B$5:$B$57,$A9) -> 2 | K9: =SUMIFS(Project_Tasks!$O$5:$O$57,Project_Tasks!$B$5:$B$57,$A9) -> 3 | L9: =SUM(C9:K9) -> 327.2 | M9: =L9*(1+Assumptions!$B$7) -> 376.28 | N9: =ROUNDUP(MAX(W9:AB9),0) -> 4 | O9: =P8+1 -> 29 | P9: =O9+N9-1 -> 32 | Q9: =Assumptions!$B$12+(O9-1)*14 -> 46720 | R9: =Assumptions!$B$12+P9*14-3 -> 46773 | S9: =ROUND(N9*14/30.4,1) -> 1.8 | T9: =(C9*Assumptions!$G$24+D9*Assumptions!$G$25+E9*Assumptions!$G$26+F9*Assumptions!$G$27+G9*Assumptions!$G$28+H9*Assumptions!$G$29+I9*Assumptions!$G$23+J9*Assumptions!$G$30+K9*Assumptions!$G$31)*(1+Assumptions!$B$7) -> 2198685 | U9: =(Assumptions!$F$24*Assumptions!$G$24+Assumptions!$F$25*Assumptions!$G$25+Assumptions!$F$26*Assumptions!$G$26+Assumptions!$F$27*Assumptions!$G$27+Assumptions!$F$28*Assumptions!$G$28+Assumptions!$F$29*Assumptions!$G$29+Assumptions!$F$23*Assumptions!$G$23+Assumptions!$F$30*Assumptions!$G$30+Assumptions!$F$31*Assumptions!$G$31)*N9*Assumptions!$B$5 -> 3990000 | V9: =INDEX($W$4:$AB$4,MATCH(MAX(W9:AB9),W9:AB9,0)) -> QA | W9: =IF(Assumptions!$F$24>0,C9*(1+Assumptions!$B$7)/(Assumptions!$F$24*Assumptions!$B$5*Assumptions!$B$6),0) -> 3.3925 | X9: =IF(Assumptions!$F$25>0,D9*(1+Assumptions!$B$7)/(Assumptions!$F$25*Assumptions!$B$5*Assumptions!$B$6),0) -> 0.575 | Y9: =IF(Assumptions!$F$26>0,E9*(1+Assumptions!$B$7)/(Assumptions!$F$26*Assumptions!$B$5*Assumptions!$B$6),0) -> 2.99 | Z9: =IF(Assumptions!$F$27>0,F9*(1+Assumptions!$B$7)/(Assumptions!$F$27*Assumptions!$B$5*Assumptions!$B$6),0) -> 2.803125 | AA9: =IF(Assumptions!$F$28>0,G9*(1+Assumptions!$B$7)/(Assumptions!$F$28*Assumptions!$B$5*Assumptions!$B$6),0) -> 3.5266667 | AB9: =IF(Assumptions!$F$29>0,SUMIFS(Project_Tasks!$M$5:$M$57,Project_Tasks!$B$5:$B$57,$A9,Project_Tasks!$C$5:$C$57,"<>งานต่อเนื่อง")*(1+Assumptions!$B$7)/(Assumptions!$F$29*Assumptions!$B$5*Assumptions!$B$6),0) -> 0.2875
A10: รวม | B10: ทุก phase | C10: =SUM(C5:C9) -> 356.3 | D10: =SUM(D5:D9) -> 194.4 | E10: =SUM(E5:E9) -> 1290 | F10: =SUM(F5:F9) -> 1100 | G10: =SUM(G5:G9) -> 884.5 | H10: =SUM(H5:H9) -> 218 | I10: =SUM(I5:I9) -> 150 | J10: =SUM(J5:J9) -> 69 | ... N10: =SUM(N5:N9) -> 32 | O10: =O5 -> 1 | P10: =P9 -> 32 | Q10: =Q5 -> 46328 | R10: =R9 -> 46773 | S10: =SUM(S5:S9) -> 14.7 | T10: =SUM(T5:T9) -> 28847808 | U10: =SUM(U5:U9) -> 44020000 | V10: -
A12: Timeline (1 ช่อง = 1 sprint = 2 สัปดาห์)
A13: Sprint | C13: 1 | D13: 2 | E13: 3 | F13: 4 | G13: 5 | H13: 6 | I13: 7 | J13: 8 | K13: 9 | L13: 10 | M13: 11 | N13: 12 | O13: 13 | P13: 14 | Q13: 15 | R13: 16 | S13: 17 | T13: 18 | U13: 19 | V13: 20 | W13: 21 | X13: 22 | Y13: 23 | Z13: 24 | AA13: 25 | AB13: 26 | AC13: 27 | AD13: 28 | AE13: 29 | AF13: 30 | AG13: 31 | AH13: 32 | AI13: 33 | AJ13: 34 | AK13: 35 | AL13: 36 | AM13: 37 | AN13: 38 | AO13: 39 | AP13: 40 | AQ13: 41 | AR13: 42 | AS13: 43 | AT13: 44
A14: เริ่ม | C14: =Assumptions!$B$12+(C13-1)*14 -> 46328 | D14: =Assumptions!$B$12+(D13-1)*14 -> 46342 | E14: =Assumptions!$B$12+(E13-1)*14 -> 46356 | F14: =Assumptions!$B$12+(F13-1)*14 -> 46370 | G14: =Assumptions!$B$12+(G13-1)*14 -> 46384 | H14: =Assumptions!$B$12+(H13-1)*14 -> 46398 | I14: =Assumptions!$B$12+(I13-1)*14 -> 46412 | J14: =Assumptions!$B$12+(J13-1)*14 -> 46426 | ... AT14: =Assumptions!$B$12+(AT13-1)*14 -> 46930
A15: P0 | B15: Foundation + User & Permission
A16: P1 | B16: MVP กฎหมายหลัก
A17: P2 | B17: Governance & คู่ค้า
A18: P3 | B18: Should
A19: P4 | B19: Nice-to-have + AI
A20: MVP | B20: go-live ระบบใช้งานจริง (สิ้นสุด P1) | C20: =IF(C$13=$P$6,"★","") | D20: =IF(D$13=$P$6,"★","") | E20: =IF(E$13=$P$6,"★","") | F20: =IF(F$13=$P$6,"★","") | G20: =IF(G$13=$P$6,"★","") | H20: =IF(H$13=$P$6,"★","") | I20: =IF(I$13=$P$6,"★","") | J20: =IF(J$13=$P$6,"★","") | ... AT20: =IF(AT$13=$P$6,"★","")
A21: ถ้าจำนวน sprint รวมเกิน 44 ช่อง ส่วนที่เกินจะไม่แสดงบน timeline
A23: Effort ต่อ Epic และ Phase (man-day ไม่รวม contingency)
A24: Epic | B24: ชื่อ Epic | C24: P0 | D24: P1 | E24: P2 | F24: P3 | G24: P4 | H24: รวม | I24: จำนวนฟีเจอร์
A25: PLT | B25: โครงสร้างพื้นฐานแพลตฟอร์ม (Platform Foundation) | C25: =SUMIFS(WBS!$U$5:$U$279,WBS!$B$5:$B$279,$A25,WBS!$H$5:$H$279,"P0") -> 275.8 | D25: =SUMIFS(WBS!$U$5:$U$279,WBS!$B$5:$B$279,$A25,WBS!$H$5:$H$279,"P1") -> 101.7 | E25: =SUMIFS(WBS!$U$5:$U$279,WBS!$B$5:$B$279,$A25,WBS!$H$5:$H$279,"P2") -> 0 | F25: =SUMIFS(WBS!$U$5:$U$279,WBS!$B$5:$B$279,$A25,WBS!$H$5:$H$279,"P3") -> 35.9 | G25: =SUMIFS(WBS!$U$5:$U$279,WBS!$B$5:$B$279,$A25,WBS!$H$5:$H$279,"P4") -> 11.8 | H25: =SUM(C25:G25) -> 425.2 | I25: =COUNTIF(WBS!$B$5:$B$279,$A25) -> 22
A26: IAM | B26: ระบบจัดการผู้ใช้และสิทธิ์ (User & Permission) | C26: =SUMIFS(WBS!$U$5:$U$279,WBS!$B$5:$B$279,$A26,WBS!$H$5:$H$279,"P0") -> 154.1 | D26: =SUMIFS(WBS!$U$5:$U$279,WBS!$B$5:$B$279,$A26,WBS!$H$5:$H$279,"P1") -> 64.8 | E26: =SUMIFS(WBS!$U$5:$U$279,WBS!$B$5:$B$279,$A26,WBS!$H$5:$H$279,"P2") -> 0 | F26: =SUMIFS(WBS!$U$5:$U$279,WBS!$B$5:$B$279,$A26,WBS!$H$5:$H$279,"P3") -> 50.5 | G26: =SUMIFS(WBS!$U$5:$U$279,WBS!$B$5:$B$279,$A26,WBS!$H$5:$H$279,"P4") -> 8.8 | H26: =SUM(C26:G26) -> 278.2 | I26: =COUNTIF(WBS!$B$5:$B$279,$A26) -> 21
A27: ORG | B27: ข้อมูลหน่วยงาน (Organization) | C27: =SUMIFS(WBS!$U$5:$U$279,WBS!$B$5:$B$279,$A27,WBS!$H$5:$H$279,"P0") -> 67 | D27: =SUMIFS(WBS!$U$5:$U$279,WBS!$B$5:$B$279,$A27,WBS!$H$5:$H$279,"P1") -> 16.7 | E27: =SUMIFS(WBS!$U$5:$U$279,WBS!$B$5:$B$279,$A27,WBS!$H$5:$H$279,"P2") -> 0 | F27: =SUMIFS(WBS!$U$5:$U$279,WBS!$B$5:$B$279,$A27,WBS!$H$5:$H$279,"P3") -> 26.5 | G27: =SUMIFS(WBS!$U$5:$U$279,WBS!$B$5:$B$279,$A27,WBS!$H$5:$H$279,"P4") -> 2.9 | H27: =SUM(C27:G27) -> 113.1 | I27: =COUNTIF(WBS!$B$5:$B$279,$A27) -> 10
A28: CON | B28: คุกกี้และความยินยอม (Cookies & Consent) | C28: =SUMIFS(WBS!$U$5:$U$279,WBS!$B$5:$B$279,$A28,WBS!$H$5:$H$279,"P0") -> 0 | D28: =SUMIFS(WBS!$U$5:$U$279,WBS!$B$5:$B$279,$A28,WBS!$H$5:$H$279,"P1") -> 296.5 | E28: =SUMIFS(WBS!$U$5:$U$279,WBS!$B$5:$B$279,$A28,WBS!$H$5:$H$279,"P2") -> 0 | F28: =SUMIFS(WBS!$U$5:$U$279,WBS!$B$5:$B$279,$A28,WBS!$H$5:$H$279,"P3") -> 68.2 | G28: =SUMIFS(WBS!$U$5:$U$279,WBS!$B$5:$B$279,$A28,WBS!$H$5:$H$279,"P4") -> 16.7 | H28: =SUM(C28:G28) -> 381.4 | I28: =COUNTIF(WBS!$B$5:$B$279,$A28) -> 24
A29: PNG | B29: ประกาศความเป็นส่วนตัว (Privacy Notice Generator) | C29: =SUMIFS(WBS!$U$5:$U$279,WBS!$B$5:$B$279,$A29,WBS!$H$5:$H$279,"P0") -> 0 | D29: =SUMIFS(WBS!$U$5:$U$279,WBS!$B$5:$B$279,$A29,WBS!$H$5:$H$279,"P1") -> 104.6 | E29: =SUMIFS(WBS!$U$5:$U$279,WBS!$B$5:$B$279,$A29,WBS!$H$5:$H$279,"P2") -> 0 | F29: =SUMIFS(WBS!$U$5:$U$279,WBS!$B$5:$B$279,$A29,WBS!$H$5:$H$279,"P3") -> 58 | G29: =SUMIFS(WBS!$U$5:$U$279,WBS!$B$5:$B$279,$A29,WBS!$H$5:$H$279,"P4") -> 5.9 | H29: =SUM(C29:G29) -> 168.5 | I29: =COUNTIF(WBS!$B$5:$B$279,$A29) -> 16
A30: ROPA | B30: บันทึกกิจกรรมการประมวลผล (RoPA) | C30: =SUMIFS(WBS!$U$5:$U$279,WBS!$B$5:$B$279,$A30,WBS!$H$5:$H$279,"P0") -> 0 | D30: =SUMIFS(WBS!$U$5:$U$279,WBS!$B$5:$B$279,$A30,WBS!$H$5:$H$279,"P1") -> 175.6 | E30: =SUMIFS(WBS!$U$5:$U$279,WBS!$B$5:$B$279,$A30,WBS!$H$5:$H$279,"P2") -> 0 | F30: =SUMIFS(WBS!$U$5:$U$279,WBS!$B$5:$B$279,$A30,WBS!$H$5:$H$279,"P3") -> 55.1 | G30: =SUMIFS(WBS!$U$5:$U$279,WBS!$B$5:$B$279,$A30,WBS!$H$5:$H$279,"P4") -> 8.8 | H30: =SUM(C30:G30) -> 239.5 | I30: =COUNTIF(WBS!$B$5:$B$279,$A30) -> 20
A31: RTG | B31: RoPA ฉบับมาตรฐาน (ROPA Template Generator) | C31: =SUMIFS(WBS!$U$5:$U$279,WBS!$B$5:$B$279,$A31,WBS!$H$5:$H$279,"P0") -> 0 | D31: =SUMIFS(WBS!$U$5:$U$279,WBS!$B$5:$B$279,$A31,WBS!$H$5:$H$279,"P1") -> 33.4 | E31: =SUMIFS(WBS!$U$5:$U$279,WBS!$B$5:$B$279,$A31,WBS!$H$5:$H$279,"P2") -> 43.8 | F31: =SUMIFS(WBS!$U$5:$U$279,WBS!$B$5:$B$279,$A31,WBS!$H$5:$H$279,"P3") -> 58.8 | G31: =SUMIFS(WBS!$U$5:$U$279,WBS!$B$5:$B$279,$A31,WBS!$H$5:$H$279,"P4") -> 11.8 | H31: =SUM(C31:G31) -> 147.8 | I31: =COUNTIF(WBS!$B$5:$B$279,$A31) -> 13
A32: DFG | B32: แผนผังการไหลของข้อมูล (Data Flow Generator) | C32: =SUMIFS(WBS!$U$5:$U$279,WBS!$B$5:$B$279,$A32,WBS!$H$5:$H$279,"P0") -> 0 | D32: =SUMIFS(WBS!$U$5:$U$279,WBS!$B$5:$B$279,$A32,WBS!$H$5:$H$279,"P1") -> 0 | E32: =SUMIFS(WBS!$U$5:$U$279,WBS!$B$5:$B$279,$A32,WBS!$H$5:$H$279,"P2") -> 88.9 | F32: =SUMIFS(WBS!$U$5:$U$279,WBS!$B$5:$B$279,$A32,WBS!$H$5:$H$279,"P3") -> 85.5 | G32: =SUMIFS(WBS!$U$5:$U$279,WBS!$B$5:$B$279,$A32,WBS!$H$5:$H$279,"P4") -> 26.5 | H32: =SUM(C32:G32) -> 200.9 | I32: =COUNTIF(WBS!$B$5:$B$279,$A32) -> 11
A33: DSAR | B33: คำขอใช้สิทธิของเจ้าของข้อมูล (DSAR) | C33: =SUMIFS(WBS!$U$5:$U$279,WBS!$B$5:$B$279,$A33,WBS!$H$5:$H$279,"P0") -> 0 | D33: =SUMIFS(WBS!$U$5:$U$279,WBS!$B$5:$B$279,$A33,WBS!$H$5:$H$279,"P1") -> 157.6 | E33: =SUMIFS(WBS!$U$5:$U$279,WBS!$B$5:$B$279,$A33,WBS!$H$5:$H$279,"P2") -> 0 | F33: =SUMIFS(WBS!$U$5:$U$279,WBS!$B$5:$B$279,$A33,WBS!$H$5:$H$279,"P3") -> 117.9 | G33: =SUMIFS(WBS!$U$5:$U$279,WBS!$B$5:$B$279,$A33,WBS!$H$5:$H$279,"P4") -> 0 | H33: =SUM(C33:G33) -> 275.5 | I33: =COUNTIF(WBS!$B$5:$B$279,$A33) -> 21
A34: BRE | B34: แจ้งเหตุละเมิดข้อมูล (Data Breach Notification) | C34: =SUMIFS(WBS!$U$5:$U$279,WBS!$B$5:$B$279,$A34,WBS!$H$5:$H$279,"P0") -> 0 | D34: =SUMIFS(WBS!$U$5:$U$279,WBS!$B$5:$B$279,$A34,WBS!$H$5:$H$279,"P1") -> 132.5 | E34: =SUMIFS(WBS!$U$5:$U$279,WBS!$B$5:$B$279,$A34,WBS!$H$5:$H$279,"P2") -> 0 | F34: =SUMIFS(WBS!$U$5:$U$279,WBS!$B$5:$B$279,$A34,WBS!$H$5:$H$279,"P3") -> 37.3 | G34: =SUMIFS(WBS!$U$5:$U$279,WBS!$B$5:$B$279,$A34,WBS!$H$5:$H$279,"P4") -> 20.6 | H34: =SUM(C34:G34) -> 190.4 | I34: =COUNTIF(WBS!$B$5:$B$279,$A34) -> 17
A35: DPO | B35: งานของ DPO (DPO Module) | C35: =SUMIFS(WBS!$U$5:$U$279,WBS!$B$5:$B$279,$A35,WBS!$H$5:$H$279,"P0") -> 0 | D35: =SUMIFS(WBS!$U$5:$U$279,WBS!$B$5:$B$279,$A35,WBS!$H$5:$H$279,"P1") -> 54 | E35: =SUMIFS(WBS!$U$5:$U$279,WBS!$B$5:$B$279,$A35,WBS!$H$5:$H$279,"P2") -> 0 | F35: =SUMIFS(WBS!$U$5:$U$279,WBS!$B$5:$B$279,$A35,WBS!$H$5:$H$279,"P3") -> 83.4 | G35: =SUMIFS(WBS!$U$5:$U$279,WBS!$B$5:$B$279,$A35,WBS!$H$5:$H$279,"P4") -> 5.9 | H35: =SUM(C35:G35) -> 143.3 | I35: =COUNTIF(WBS!$B$5:$B$279,$A35) -> 12
A36: DPIA | B36: แบบประเมินผลกระทบ (DPIA) | C36: =SUMIFS(WBS!$U$5:$U$279,WBS!$B$5:$B$279,$A36,WBS!$H$5:$H$279,"P0") -> 0 | D36: =SUMIFS(WBS!$U$5:$U$279,WBS!$B$5:$B$279,$A36,WBS!$H$5:$H$279,"P1") -> 0 | E36: =SUMIFS(WBS!$U$5:$U$279,WBS!$B$5:$B$279,$A36,WBS!$H$5:$H$279,"P2") -> 129.5 | F36: =SUMIFS(WBS!$U$5:$U$279,WBS!$B$5:$B$279,$A36,WBS!$H$5:$H$279,"P3") -> 29.4 | G36: =SUMIFS(WBS!$U$5:$U$279,WBS!$B$5:$B$279,$A36,WBS!$H$5:$H$279,"P4") -> 20.6 | H36: =SUM(C36:G36) -> 179.5 | I36: =COUNTIF(WBS!$B$5:$B$279,$A36) -> 18
... A41: DPX | B41: DPO ส่วนต่อขยาย (DPO Extension) | C41: =SUMIFS(WBS!$U$5:$U$279,WBS!$B$5:$B$279,$A41,WBS!$H$5:$H$279,"P0") -> 0 | D41: =SUMIFS(WBS!$U$5:$U$279,WBS!$B$5:$B$279,$A41,WBS!$H$5:$H$279,"P1") -> 0 | E41: =SUMIFS(WBS!$U$5:$U$279,WBS!$B$5:$B$279,$A41,WBS!$H$5:$H$279,"P2") -> 35.9 | F41: =SUMIFS(WBS!$U$5:$U$279,WBS!$B$5:$B$279,$A41,WBS!$H$5:$H$279,"P3") -> 95.7 | G41: =SUMIFS(WBS!$U$5:$U$279,WBS!$B$5:$B$279,$A41,WBS!$H$5:$H$279,"P4") -> 72.7 | H41: =SUM(C41:G41) -> 204.3 | I41: =COUNTIF(WBS!$B$5:$B$279,$A41) -> 13
A42: E00 | B42: งานโครงการและงานสนับสนุน (Project_Tasks) | C42: =SUMIFS(Project_Tasks!$P$5:$P$57,Project_Tasks!$B$5:$B$57,"P0") -> 214 | D42: =SUMIFS(Project_Tasks!$P$5:$P$57,Project_Tasks!$B$5:$B$57,"P1") -> 258 | E42: =SUMIFS(Project_Tasks!$P$5:$P$57,Project_Tasks!$B$5:$B$57,"P2") -> 112 | F42: =SUMIFS(Project_Tasks!$P$5:$P$57,Project_Tasks!$B$5:$B$57,"P3") -> 135 | G42: =SUMIFS(Project_Tasks!$P$5:$P$57,Project_Tasks!$B$5:$B$57,"P4") -> 73 | H42: =SUM(C42:G42) -> 792 | I42: =COUNTA(Project_Tasks!$A$5:$A$57) -> 53
A43: รวม | C43: =SUM(C25:C42) -> 710.9 | D43: =SUM(D25:D42) -> 1395.4 | E43: =SUM(E25:E42) -> 677.3 | F43: =SUM(F25:F42) -> 1176.4 | G43: =SUM(G25:G42) -> 327.2 | H43: =SUM(H25:H42) -> 4287.2 | I43: =SUM(I25:I42) -> 328
A45: การใช้กำลังคน (effort รวม contingency ÷ capacity ตลอดโครงการ)
A46: บทบาท | C46: Effort + cont. | D46: Capacity | E46: Utilization
A47: SA | C47: =C10*(1+Assumptions!$B$7) -> 409.745 | D47: =(Assumptions!$B$24*N5+Assumptions!$C$24*N6+Assumptions!$D$24*N7+Assumptions!$E$24*N8+Assumptions!$F$24*N9)*Assumptions!$B$5*Assumptions!$B$6 -> 528 | E47: =IF(D47=0,0,C47/D47) -> 0.7760322
A48: UX | C48: =D10*(1+Assumptions!$B$7) -> 223.56 | D48: =(Assumptions!$B$25*N5+Assumptions!$C$25*N6+Assumptions!$D$25*N7+Assumptions!$E$25*N8+Assumptions!$F$25*N9)*Assumptions!$B$5*Assumptions!$B$6 -> 376 | E48: =IF(D48=0,0,C48/D48) -> 0.59457447
A49: BE | C49: =E10*(1+Assumptions!$B$7) -> 1483.5 | D49: =(Assumptions!$B$26*N5+Assumptions!$C$26*N6+Assumptions!$D$26*N7+Assumptions!$E$26*N8+Assumptions!$F$26*N9)*Assumptions!$B$5*Assumptions!$B$6 -> 1680 | E49: =IF(D49=0,0,C49/D49) -> 0.88303571
A50: FE | C50: =F10*(1+Assumptions!$B$7) -> 1265 | D50: =(Assumptions!$B$27*N5+Assumptions!$C$27*N6+Assumptions!$D$27*N7+Assumptions!$E$27*N8+Assumptions!$F$27*N9)*Assumptions!$B$5*Assumptions!$B$6 -> 1376 | E50: =IF(D50=0,0,C50/D50) -> 0.9193314
A51: QA | C51: =G10*(1+Assumptions!$B$7) -> 1017.175 | D51: =(Assumptions!$B$28*N5+Assumptions!$C$28*N6+Assumptions!$D$28*N7+Assumptions!$E$28*N8+Assumptions!$F$28*N9)*Assumptions!$B$5*Assumptions!$B$6 -> 1168 | E51: =IF(D51=0,0,C51/D51) -> 0.87086901
A52: DevOps | C52: =H10*(1+Assumptions!$B$7) -> 250.7 | D52: =(Assumptions!$B$29*N5+Assumptions!$C$29*N6+Assumptions!$D$29*N7+Assumptions!$E$29*N8+Assumptions!$F$29*N9)*Assumptions!$B$5*Assumptions!$B$6 -> 376 | E52: =IF(D52=0,0,C52/D52) -> 0.66675532
A53: ต่ำกว่า 60% = กำลังคนเกินใน phase ที่ไม่ใช่คอขวด พิจารณาลดคนหรือดึงงาน phase ถัดไปมาทำก่อน

Sheet Roles_Permissions
A1: ระบบจัดการผู้ใช้และสิทธิ์: Role, Permission matrix และนโยบายความปลอดภัย
A2: Role มาตรฐานเป็นค่าเริ่มต้น — องค์กรสร้าง custom role ได้ (ORG-10) | ทุกสิทธิ์ถูกจำกัดด้วยขอบเขตข้อมูลของผู้ใช้ (ORG-11) | authentication ด้วย Keycloak, authorization เขียนใน Go (IAM-02)
A4: 1) Role มาตรฐาน
A5: Role key | B5: Role | C5: คำอธิบาย | L5: ขอบเขตข้อมูล (Data scope)
A6: SUPER | B6: Platform Super Admin | C6: ผู้ให้บริการแพลตฟอร์ม: tenant แพ็กเกจ และค่าระบบ ไม่เห็นข้อมูลธุรกิจของ tenant เว้นแต่ใช้ break-glass (IAM-07) | L6: ทั้งแพลตฟอร์ม
A7: ORGADMIN | B7: Organization Admin | C7: ผู้ดูแลระบบขององค์กร: ผู้ใช้ role โครงสร้างองค์กร SSO และการตั้งค่า | L7: ทั้ง tenant
A8: DPO | B8: DPO | C8: เจ้าหน้าที่คุ้มครองข้อมูลส่วนบุคคล ดูแลทุกโมดูลและเป็นผู้อนุมัติหลัก | L8: tenant / บริษัทที่ได้รับมอบหมาย
A9: PRIVACY | B9: Privacy Team | C9: ทีมงาน DPO ปฏิบัติงานประจำ แต่ไม่อนุมัติขั้นสุดท้าย | L9: บริษัทที่ได้รับมอบหมาย
A10: LEGAL | B10: Legal | C10: ฝ่ายกฎหมาย: ประกาศ template สัญญา DPA/DSA | L10: ทั้ง tenant
A11: OWNER | B11: Process Owner / Champion | C11: เจ้าของกระบวนการหรือผู้ประสานงาน PDPA ของแผนก ดูแล RoPA และตอบแบบสอบถาม | L11: แผนกของตนเอง
A12: IT | B12: System Owner / IT | C12: เจ้าของระบบ/IT: asset, data discovery, งานย่อยของคำขอ, ติดตั้ง script, connector | L12: ระบบ/แผนกที่ได้รับมอบหมาย
A13: MKT | B13: Marketing / Business | C13: การตลาด/ธุรกิจ: Purpose, Collection Point และแคมเปญขอความยินยอม | L13: แผนก/แบรนด์ของตนเอง
A14: FRONT | B14: Front Staff | C14: พนักงานหน้าร้าน/Call center: บันทึกความยินยอมแทนลูกค้าและรับคำขอใช้สิทธิ | L14: สาขา/ทีมของตนเอง
A15: SEC | B15: Security / Incident | C15: ทีมความปลอดภัย: เหตุละเมิดและประเมินมาตรการความปลอดภัย | L15: ทั้ง tenant
A16: PROC | B16: Procurement / Vendor Manager | C16: จัดซื้อ/ผู้ดูแลคู่ค้า: ทะเบียนและการประเมินคู่ค้า | L16: คู่ค้าที่ตนดูแล
... A21: API | B21: API Client | C21: บัญชีระบบสำหรับเชื่อมต่อ (CRM, POS, แอป) ใช้สิทธิ์ตาม scope | L21: ระบบที่ผูกไว้
A23: 2) Permission matrix (ค่าเริ่มต้นของ role มาตรฐาน)
A24: คำย่อ: C = สร้าง | R = ดู | U = แก้ไข | D = ลบ | A = อนุมัติ | P = เผยแพร่ / เปิดใช้งาน | E = ส่งออก | X = ดำเนินการ / มอบหมาย / ทำรายการ | - = ไม่มีสิทธิ์
A25: โมดูล | B25: Permission code | C25: ทรัพยากร | D25: Platform Super Admin | E25: Organization Admin | F25: DPO | G25: Privacy Team | H25: Legal | I25: Process Owner / Champion | J25: System Owner / IT | K25: Marketing / Business | L25: Front Staff | M25: Security / Incident | N25: Procurement / Vendor Manager | O25: Auditor | P25: Executive | Q25: Employee | R25: External Guest | S25: API Client | T25: หมายเหตุขอบเขต
A26: Administration | B26: admin.tenant | C26: Tenant แพ็กเกจ และโมดูลที่เปิดใช้ | D26: CRUD | E26: - | F26: - | G26: - | H26: - | I26: - | J26: - | K26: - | L26: - | M26: - | N26: - | O26: - | P26: - | Q26: - | R26: - | S26: - | T26: เฉพาะผู้ให้บริการแพลตฟอร์ม
A27: Administration | B27: admin.user | C27: ผู้ใช้ | D27: C | E27: CRUD | F27: R | G27: - | H27: - | I27: - | J27: - | K27: - | L27: - | M27: - | N27: - | O27: R | P27: - | Q27: - | R27: - | S27: - | T27: SUPER สร้างเฉพาะผู้ดูแล tenant คนแรก
A28: Administration | B28: admin.role | C28: Role และ Permission | D28: - | E28: CRUDA | F28: R | G28: - | H28: - | I28: - | J28: - | K28: - | L28: - | M28: - | N28: - | O28: R | P28: - | Q28: - | R28: - | S28: - | T28: เปลี่ยน role ระดับ admin ต้องมีผู้อนุมัติ (IAM-06)
A29: Administration | B29: admin.scope | C29: ขอบเขตข้อมูลของผู้ใช้ | D29: - | E29: CRUD | F29: R | G29: - | H29: - | I29: - | J29: - | K29: - | L29: - | M29: - | N29: - | O29: R | P29: - | Q29: - | R29: - | S29: -
A30: Administration | B30: admin.group | C30: กลุ่มผู้ใช้ / ทีม | D30: - | E30: CRUD | F30: CRU | G30: R | H30: - | I30: R | J30: R | K30: - | L30: - | M30: R | N30: - | O30: R | P30: - | Q30: - | R30: - | S30: -
A31: Administration | B31: admin.idp | C31: SSO, IdP, นโยบายรหัสผ่านและ MFA | D31: - | E31: CRUD | F31: - | G31: - | H31: - | I31: - | J31: - | K31: - | L31: - | M31: R | N31: - | O31: R | P31: - | Q31: - | R31: - | S31: - | T31: ตั้งค่าใน Keycloak ผ่านหน้าจอของระบบ
A32: Administration | B32: admin.apiclient | C32: API client และ webhook | D32: - | E32: CRUD | F32: R | G32: - | H32: - | I32: - | J32: CRU | K32: - | L32: - | M32: - | N32: - | O32: R | P32: - | Q32: - | R32: - | S32: - | T32: IT จัดการได้เฉพาะ client ของระบบที่ตนดูแล
A33: Administration | B33: admin.audit | C33: Audit log | D33: RE | E33: RE | F33: RE | G33: - | H33: - | I33: - | J33: - | K33: - | L33: - | M33: RE | N33: - | O33: RE | P33: - | Q33: - | R33: - | S33: - | T33: ไม่มีใครแก้ไขหรือลบ log ได้
A34: Administration | B34: admin.accessreview | C34: ทบทวนสิทธิ์ | D34: - | E34: CRUDX | F34: R | G34: - | H34: - | I34: X | J34: X | K34: - | L34: - | M34: - | N34: - | O34: R | P34: - | Q34: - | R34: - | S34: - | T34: หัวหน้าแผนกยืนยันสิทธิ์ของทีมตนเอง
A35: Administration | B35: admin.breakglass | C35: ใช้สิทธิ์ฉุกเฉิน | D35: X | E35: X | F35: - | G35: - | H35: - | I35: - | J35: - | K35: - | L35: - | M35: - | N35: - | O35: - | P35: - | Q35: - | R35: - | S35: - | T35: ต้องระบุเหตุผล มีเวลาจำกัด และแจ้ง DPO / Security ทันที
A36: Administration | B36: admin.notification | C36: Template แจ้งเตือน | D36: - | E36: CRUD | F36: CRU | G36: CRU | H36: - | I36: - | J36: - | K36: CRU | L36: - | M36: - | N36: - | O36: R | P36: - | Q36: - | R36: - | S36: -
A37: Organization | B37: org.structure | C37: นิติบุคคลและโครงสร้างหน่วยงาน | D37: - | E37: CRUD | F37: RU | G37: R | H37: R | I37: R | J37: R | K37: R | L37: R | M37: R | N37: R | O37: R | P37: R | Q37: R | R37: - | S37: -
A38: Organization | B38: org.party | C38: ทะเบียนหน่วยงานภายนอก | D38: - | E38: CRUD | F38: CRUD | G38: CRU | H38: CRU | I38: R | J38: R | K38: - | L38: - | M38: - | N38: CRU | O38: R | P38: - | Q38: - | R38: - | S38: -
A39: Organization | B39: org.masterdata | C39: ข้อมูลตั้งต้น | D39: CRUD | E39: CRUD | F39: CRUD | G39: CRU | H39: R | I39: R | J39: R | K39: R | L39: - | M39: R | N39: - | O39: R | P39: - | Q39: - | R39: - | S39: - | T39: SUPER ดูแลค่าตั้งต้นกลางที่ทุก tenant ได้รับ
A40: Organization | B40: org.settings | C40: ตั้งค่าองค์กร แบรนด์ และปฏิทินวันทำการ | D40: CRUD | E40: RU | F40: R | G40: - | H40: - | I40: - | J40: - | K40: - | L40: - | M40: - | N40: - | O40: R | P40: - | Q40: - | R40: - | S40: -
A41: Consent | B41: cookie.banner | C41: แบนเนอร์คุกกี้และโดเมน | D41: - | E41: - | F41: CRUDAP | G41: CRU | H41: R | I41: - | J41: RU | K41: R | L41: - | M41: - | N41: - | O41: R | P41: - | Q41: - | R41: - | S41: - | T41: IT คัดลอก script และแก้ค่าทางเทคนิค
A42: Consent | B42: cookie.scan | C42: ผลสแกนคุกกี้ | D42: - | E42: - | F42: CRUDX | G42: CRUX | H42: - | I42: - | J42: CRUX | K42: R | L42: - | M42: - | N42: - | O42: R | P42: - | Q42: - | R42: - | S42: -
A43: Consent | B43: consent.purpose | C43: Purpose / Data Element / Purpose Preference | D43: - | E43: - | F43: CRUDAP | G43: CRU | H43: RU | I43: - | J43: - | K43: CRU | L43: - | M43: - | N43: - | O43: R | P43: - | Q43: - | R43: - | S43: R | T43: Marketing ร่างได้ DPO อนุมัติและเปิดใช้
A44: Consent | B44: consent.collectionpoint | C44: Collection Point / แบบฟอร์ม | D44: - | E44: - | F44: CRUDAP | G44: CRU | H44: - | I44: - | J44: RU | K44: CRU | L44: - | M44: - | N44: - | O44: R | P44: - | Q44: - | R44: - | S44: R
A45: Consent | B45: consent.record | C45: ความยินยอมรายบุคคล / โปรไฟล์ | D45: - | E45: - | F45: RE | G45: RE | H45: - | I45: - | J45: R | K45: R | L45: R | M45: - | N45: - | O45: RE | P45: - | Q45: - | R45: - | S45: CR | T45: identifier แสดงแบบปกปิด ยกเว้นมีสิทธิ์ pii.unmask
A46: Consent | B46: consent.onbehalf | C46: บันทึกความยินยอมแทนลูกค้า | D46: - | E46: - | F46: CR | G46: CR | H46: - | I46: - | J46: - | K46: - | L46: CR | M46: - | N46: - | O46: R | P46: - | Q46: - | R46: - | S46: - | T46: Front Staff เห็นเฉพาะรายการที่ตนบันทึกในสาขา
A47: Consent | B47: consent.bulk | C47: นำเข้า / ส่งออกความยินยอม | D47: - | E47: - | F47: XE | G47: XE | H47: - | I47: - | J47: X | K47: E | L47: - | M47: - | N47: - | O47: E | P47: - | Q47: - | R47: - | S47: - | T47: export จำนวนมากต้องมีผู้อนุมัติ
A48: Consent | B48: consent.campaign | C48: แคมเปญขอความยินยอม | D48: - | E48: - | F48: CRUDA | G48: CRU | H48: - | I48: - | J48: - | K48: CRUX | L48: - | M48: - | N48: - | O48: R | P48: - | Q48: - | R48: - | S48: -
A49: Notice | B49: notice.document | C49: ประกาศความเป็นส่วนตัว | D49: - | E49: - | F49: CRUDAP | G49: CRU | H49: CRUA | I49: R | J49: R | K49: R | L49: - | M49: - | N49: - | O49: R | P49: - | Q49: R | R49: - | S49: R | T49: ผู้สร้างกับผู้อนุมัติต้องต่างคน
A50: Notice | B50: notice.template | C50: Template ประกาศ | D50: - | E50: - | F50: CRUD | G50: R | H50: CRUD | I50: - | J50: - | K50: - | L50: - | M50: - | N50: - | O50: R | P50: - | Q50: - | R50: - | S50: -
A51: Notice | B51: notice.indirect | C51: แจ้งกรณีได้ข้อมูลจากแหล่งอื่น (ม.25) | D51: - | E51: - | F51: CRUD | G51: CRU | H51: - | I51: CRU | J51: - | K51: CRU | L51: - | M51: - | N51: - | O51: R | P51: - | Q51: - | R51: - | S51: -
A52: RoPA | B52: ropa.inventory | C52: ทะเบียนข้อมูลและ asset | D52: - | E52: - | F52: CRUDA | G52: CRUD | H52: R | I52: CRU | J52: CRU | K52: - | L52: - | M52: R | N52: - | O52: R | P52: - | Q52: - | R52: - | S52: - | T52: Process Owner เฉพาะแผนกตนเอง
A53: RoPA | B53: ropa.activity | C53: กิจกรรมการประมวลผล (RoPA) | D53: - | E53: - | F53: CRUDAE | G53: CRUE | H53: R | I53: CRU | J53: R | K53: R | L53: - | M53: R | N53: - | O53: RE | P53: R | Q53: - | R53: - | S53: - | T53: Process Owner เฉพาะแผนกตนเอง
A54: RoPA | B54: ropa.template | C54: คลัง RoPA ฉบับมาตรฐาน | D54: CRUD | E54: - | F54: CRUDP | G54: CRU | H54: CRU | I54: RX | J54: - | K54: - | L54: - | M54: - | N54: - | O54: R | P54: - | Q54: - | R54: - | S54: - | T54: SUPER ดูแลคลังกลาง; tenant สร้าง template ของตนเอง
A55: RoPA | B55: ropa.risk | C55: ความเสี่ยงและช่องว่างรายกิจกรรม | D55: - | E55: - | F55: CRUDA | G55: CRU | H55: - | I55: RU | J55: - | K55: - | L55: - | M55: RU | N55: - | O55: R | P55: R | Q55: - | R55: - | S55: -
A56: RoPA | B56: ropa.dataflow | C56: แผนผังการไหลของข้อมูล | D56: - | E56: - | F56: RUPE | G56: RUE | H56: R | I56: R | J56: R | K56: - | L56: - | M56: R | N56: - | O56: RE | P56: R | Q56: - | R56: - | S56: -
A57: RoPA | B57: ropa.discovery | C57: Data discovery และ connector | D57: - | E57: - | F57: R | G57: R | H57: - | I57: - | J57: CRUDX | K57: - | L57: - | M57: R | N57: - | O57: R | P57: - | Q57: - | R57: - | S57: -
A58: DSAR | B58: dsar.request | C58: คำขอใช้สิทธิ | D58: - | E58: - | F58: CRUDAXE | G58: CRUX | H58: RU | I58: R | J58: R | K58: - | L58: CR | M58: - | N58: - | O58: RE | P58: - | Q58: - | R58: - | S58: C | T58: Owner/IT เห็นเฉพาะคำขอที่มีงานมอบหมาย; Front Staff เห็นเฉพาะที่ตนลงไว้
A59: DSAR | B59: dsar.subtask | C59: งานย่อยของคำขอ | D59: - | E59: - | F59: CRUDX | G59: CRUX | H59: RU | I59: RU | J59: RU | K59: - | L59: - | M59: - | N59: - | O59: R | P59: - | Q59: - | R59: RU | S59: - | T59: แก้ได้เฉพาะงานที่ได้รับมอบหมาย; GUEST คือผู้ประมวลผลที่ได้รับคำสั่ง
A60: DSAR | B60: dsar.package | C60: ข้อมูลที่ส่งคืนเจ้าของข้อมูล | D60: - | E60: - | F60: CRA | G60: CR | H60: - | I60: - | J60: CU | K60: - | L60: - | M60: - | N60: - | O60: R | P60: - | Q60: - | R60: - | S60: - | T60: Auditor เห็นเฉพาะ metadata
A61: DSAR | B61: dsar.form | C61: แบบฟอร์มคำขอใช้สิทธิ | D61: - | E61: - | F61: CRUDP | G61: CRU | H61: RU | I61: - | J61: - | K61: - | L61: - | M61: - | N61: - | O61: R | P61: - | Q61: - | R61: - | S61: -
A62: Breach | B62: breach.incident | C62: เหตุละเมิด | D62: - | E62: - | F62: CRUDAX | G62: CRUX | H62: RU | I62: C | J62: CRU | K62: C | L62: C | M62: CRUX | N62: - | O62: R | P62: R | Q62: C | R62: C | S62: - | T62: ผู้แจ้งเห็นเฉพาะเหตุที่ตนแจ้ง; GUEST คือผู้ประมวลผลที่แจ้งเหตุ
A63: Breach | B63: breach.notification | C63: แบบแจ้ง สคส. / แจ้งเจ้าของข้อมูล | D63: - | E63: - | F63: CRUAP | G63: CRU | H63: RU | I63: - | J63: - | K63: - | L63: - | M63: R | N63: - | O63: R | P63: R | Q63: - | R63: - | S63: - | T63: ส่งแบบแจ้งต้องให้ DPO อนุมัติ
A64: Assessment | B64: assessment.dpia | C64: DPIA / LIA | D64: - | E64: - | F64: CRUDA | G64: CRU | H64: RU | I64: RU | J64: RU | K64: - | L64: - | M64: RU | N64: - | O64: R | P64: RA | Q64: - | R64: RU | S64: - | T64: ผู้ร่วมประเมินแก้ได้เฉพาะส่วนที่ได้รับเชิญ; ผู้บริหารอนุมัติ/ยอมรับความเสี่ยง
A65: Assessment | B65: assessment.security | C65: ประเมินมาตรการความปลอดภัย | D65: - | E65: - | F65: RA | G65: R | H65: - | I65: - | J65: RU | K65: - | L65: - | M65: CRUDX | N65: - | O65: R | P65: - | Q65: - | R65: - | S65: -
A66: Assessment | B66: assessment.transfer | C66: ประเมินการโอนต่างประเทศ (TIA) | D66: - | E66: - | F66: CRUDA | G66: CRU | H66: RU | I66: - | J66: - | K66: - | L66: - | M66: - | N66: - | O66: R | P66: - | Q66: - | R66: - | S66: -
A67: Assessment | B67: assessment.template | C67: Template แบบประเมิน | D67: - | E67: - | F67: CRUDP | G67: CRU | H67: CRU | I67: - | J67: - | K67: - | L67: - | M67: CRU | N67: - | O67: R | P67: - | Q67: - | R67: - | S67: -
A68: Vendor | B68: vendor.vendor | C68: คู่ค้า / ผู้ประมวลผล | D68: - | E68: - | F68: CRUDA | G68: CRU | H68: R | I68: CR | J68: R | K68: - | L68: - | M68: RU | N68: CRUD | O68: R | P68: - | Q68: - | R68: - | S68: - | T68: Owner ขอเพิ่มคู่ค้าใหม่ได้
A69: Vendor | B69: vendor.assessment | C69: แบบประเมินคู่ค้า | D69: - | E69: - | F69: CRUDA | G69: CRUX | H69: - | I69: - | J69: - | K69: - | L69: - | M69: RUX | N69: CRUX | O69: R | P69: - | Q69: - | R69: RU | S69: - | T69: GUEST ตอบเฉพาะแบบประเมินของบริษัทตนเอง
A70: Agreement | B70: agreement.dpa | C70: ข้อตกลงการประมวลผล (DPA) | D70: - | E70: - | F70: RA | G70: R | H70: CRUDAP | I70: R | J70: - | K70: - | L70: - | M70: - | N70: CR | O70: R | P70: - | Q70: - | R70: R | S70: - | T70: GUEST ดูและลงนามฉบับที่ส่งให้
A71: Agreement | B71: agreement.dsa | C71: ข้อตกลงการแบ่งปันข้อมูล (DSA) | D71: - | E71: - | F71: RA | G71: R | H71: CRUDAP | I71: R | J71: - | K71: - | L71: - | M71: - | N71: - | O71: R | P71: - | Q71: - | R71: R | S71: -
A72: Agreement | B72: agreement.clause | C72: คลังข้อความสัญญา | D72: - | E72: - | F72: R | G72: - | H72: CRUDP | I72: - | J72: - | K72: - | L72: - | M72: - | N72: - | O72: R | P72: - | Q72: - | R72: - | S72: -
A73: DPO | B73: dpo.profile | C73: ทะเบียน DPO | D73: - | E73: RU | F73: CRU | G73: - | H73: R | I73: - | J73: - | K73: - | L73: - | M73: - | N73: - | O73: R | P73: R | Q73: - | R73: - | S73: -
A74: DPO | B74: dpo.task | C74: Tasks / Ticket | D74: - | E74: - | F74: CRUDX | G74: CRUX | H74: RU | I74: RU | J74: RU | K74: - | L74: - | M74: RU | N74: - | O74: R | P74: - | Q74: - | R74: - | S74: - | T74: แก้ได้เฉพาะงานที่ได้รับมอบหมาย
A75: DPO | B75: dpo.advisory | C75: คำปรึกษาถึง DPO | D75: - | E75: - | F75: RUX | G75: RUX | H75: RU | I75: CR | J75: CR | K75: CR | L75: - | M75: - | N75: - | O75: R | P75: - | Q75: CR | R75: - | S75: - | T75: ผู้ถามเห็นเฉพาะเรื่องของตนเอง
A76: DPO | B76: dpo.risk | C76: ทะเบียนความเสี่ยง | D76: - | E76: - | F76: CRUDA | G76: CRU | H76: - | I76: R | J76: - | K76: - | L76: - | M76: CRU | N76: - | O76: R | P76: RA | Q76: - | R76: - | S76: -
A77: DPO | B77: dpo.report | C77: Dashboard และรายงาน | D77: - | E77: R | F77: RE | G77: RE | H77: R | I77: - | J77: - | K77: - | L77: - | M77: R | N77: - | O77: RE | P77: RE | Q77: - | R77: - | S77: -
A78: DPO | B78: dpo.kb | C78: คลังเอกสารกฎหมายและ FAQ | D78: - | E78: - | F78: CRUDP | G78: CRU | H78: CRU | I78: R | J78: R | K78: R | L78: R | M78: R | N78: R | O78: R | P78: R | Q78: R | R78: - | S78: -
A79: DPO Extension | B79: dpx.training | C79: อบรมและทดสอบ | D79: - | E79: R | F79: CRUDP | G79: CRU | H79: X | I79: X | J79: X | K79: X | L79: X | M79: X | N79: X | O79: R | P79: X | Q79: X | R79: - | S79: - | T79: พนักงานทุกคนเรียนและทำแบบทดสอบได้ (X)
A80: DPO Extension | B80: dpx.policy | C80: รับทราบนโยบายภายใน | D80: - | E80: - | F80: CRUDP | G80: - | H80: CRU | I80: X | J80: X | K80: X | L80: X | M80: X | N80: X | O80: R | P80: X | Q80: X | R80: - | S80: -
A81: DPO Extension | B81: dpx.audit | C81: ตรวจประเมินความพร้อมและแผนแก้ไข | D81: - | E81: - | F81: CRUDA | G81: CRU | H81: - | I81: RU | J81: RU | K81: - | L81: - | M81: RU | N81: - | O81: RE | P81: R | Q81: - | R81: - | S81: -
A82: DPO Extension | B82: dpx.retention | C82: Retention และการทำลายข้อมูล | D82: - | E82: - | F82: CRUDA | G82: CRU | H82: - | I82: R | J82: RUX | K82: - | L82: - | M82: - | N82: - | O82: R | P82: - | Q82: - | R82: - | S82: - | T82: IT ดำเนินการทำลายและแนบหลักฐาน
A83: DPO Extension | B83: dpx.regulator | C83: ทะเบียนการติดต่อกับ สคส. | D83: - | E83: - | F83: CRUD | G83: R | H83: CRU | I83: - | J83: - | K83: - | L83: - | M83: - | N83: - | O83: R | P83: R | Q83: - | R83: - | S83: -
A84: DPO Extension | B84: dpx.ai | C84: ทะเบียนระบบ AI และผู้ช่วย AI | D84: - | E84: - | F84: CRUDAX | G84: CRUX | H84: X | I84: - | J84: CRU | K84: - | L84: - | M84: R | N84: - | O84: R | P84: - | Q84: - | R84: - | S84: - | T84: ผู้ช่วย AI ใช้ได้ตาม license และการเปิดใช้ของ tenant
A85: DPO Extension | B85: dpx.integration | C85: Connector HR / ITSM / SIEM | D85: - | E85: CRUD | F85: R | G85: - | H85: - | I85: - | J85: CRUD | K85: - | L85: - | M85: R | N85: - | O85: R | P85: - | Q85: - | R85: - | S85: -
A86: Special | B86: pii.unmask | C86: เปิดดูข้อมูลส่วนบุคคลแบบไม่ปกปิด | D86: - | E86: - | F86: X | G86: X | H86: - | I86: - | J86: - | K86: - | L86: - | M86: X | N86: - | O86: - | P86: - | Q86: - | R86: - | S86: - | T86: ต้องระบุเหตุผล ถูกบันทึก log ทุกครั้ง และอาจต้องยืนยัน MFA ซ้ำ
A88: 3) นโยบายความปลอดภัยของระบบจัดการผู้ใช้
A89: หัวข้อ | B89: นโยบาย
A90: Authentication | B90: Keycloak เป็นผู้ยืนยันตัวตน (OIDC); Next.js ใช้รูปแบบ BFF เก็บ session ใน cookie แบบ httpOnly + Secure + SameSite และไม่เก็บ token ใน localStorage
A91: รหัสผ่าน | B91: ยาวอย่างน้อย 12 ตัวอักษร ห้ามซ้ำ 5 ครั้งล่าสุด ตั้งค่าได้ต่อ tenant (password policy ของ Keycloak)
A92: Lockout | B92: ผิดครบ 5 ครั้ง ล็อก 30 นาที (brute-force detection ของ Keycloak; ตั้งค่าได้)
A93: MFA | B93: TOTP หรือ WebAuthn/passkey; บังคับสำหรับ Super Admin, Org Admin, DPO, Privacy, Security, Auditor; ขอ MFA ซ้ำ (step-up) ก่อน export จำนวนมาก, unmask และเปลี่ยน role
A94: Session | B94: idle timeout 30 นาที, อายุสูงสุด 12 ชั่วโมง, refresh token rotation, back-channel logout เมื่อบัญชีถูกปิด
A95: SSO | B95: OIDC/SAML brokering (Entra ID, Google, ADFS), LDAP/AD federation, map group → role/scope, JIT provisioning; เมื่อบังคับ SSO บัญชี local ใช้ได้เฉพาะ break-glass
A96: API | B96: OAuth2 client credentials, access token อายุไม่เกิน 15 นาที, scope ต่อ client, IP allowlist, rate limit, หมุน secret ทุก 90 วัน; ทางเลือก mTLS สำหรับ on-prem
A97: Authorization | B97: deny by default; ทุก endpoint ประกาศ x-permission ใน OpenAPI และมี contract test ตรวจ 403; กรองข้อมูลตาม scope ใน repository + PostgreSQL RLS แยก tenant
A98: Segregation of duties | B98: ผู้สร้างกับผู้อนุมัติต้องต่างคน: เผยแพร่ประกาศ/แบนเนอร์/Purpose, ปฏิเสธคำขอ, ส่งแบบแจ้ง สคส., export ความยินยอมจำนวนมาก, เปลี่ยน role ระดับ admin
A99: PII protection | B99: เข้ารหัส identifier ระดับฟิลด์ (envelope encryption), ปกปิดบนหน้าจอเป็นค่าเริ่มต้น, unmask ต้องระบุเหตุผล, ห้ามมี PII ใน log (redaction middleware)
A100: Guest access | B100: magic link ผูกงานเดียว หมดอายุ 7-30 วัน ยืนยันด้วย OTP ทางอีเมล และเพิกถอนได้ทันที
... A105: Frontend security | B105: CSP แบบเข้ม, CSRF protection ของ BFF, sanitize HTML ของเนื้อหา rich text (ประกาศ/สัญญา) ก่อนแสดง

Sheet Traceability
A1: Traceability: ฟังก์ชัน 243 รายการจากไฟล์ 15 โมดูล → Feature ในแผน
A2: ตรวจว่าทุกฟังก์ชันมีงานรองรับ | Phase / Epic / man-day ดึงจากชีต WBS ด้วยสูตร
A4: No. | B4: โมดูล (ชีต) | C4: ฟังก์ชัน (TH) | D4: Function (EN) | E4: Priority | F4: OneTrust | G4: Epic ในแผน | H4: Phase | I4: man-day | J4: อยู่ใน WBS
A5: DPIA-01 | B5: 01_DPIA | C5: แบบคัดกรองความจำเป็นในการทำ DPIA | D5: DPIA screening | E5: Must | F5: มี | G5: =IFERROR(INDEX(WBS!$B$5:$B$279,MATCH($A5,WBS!$A$5:$A$279,0)),"-") -> DPIA | H5: =IFERROR(INDEX(WBS!$H$5:$H$279,MATCH($A5,WBS!$A$5:$A$279,0)),"-") -> P2 | I5: =IFERROR(INDEX(WBS!$U$5:$U$279,MATCH($A5,WBS!$A$5:$A$279,0)),0) -> 8.8 | J5: =IF(ISNUMBER(MATCH($A5,WBS!$A$5:$A$279,0)),"✓","✗") -> ✓
A6: DPIA-02 | B6: 01_DPIA | C6: เกณฑ์คะแนนและเงื่อนไขบังคับทำ DPIA | D6: Configurable threshold rules | E6: Must | F6: มี | G6: =IFERROR(INDEX(WBS!$B$5:$B$279,MATCH($A6,WBS!$A$5:$A$279,0)),"-") -> DPIA | H6: =IFERROR(INDEX(WBS!$H$5:$H$279,MATCH($A6,WBS!$A$5:$A$279,0)),"-") -> P2 | I6: =IFERROR(INDEX(WBS!$U$5:$U$279,MATCH($A6,WBS!$A$5:$A$279,0)),0) -> 8.8 | J6: =IF(ISNUMBER(MATCH($A6,WBS!$A$5:$A$279,0)),"✓","✗") -> ✓
A7: DPIA-03 | B7: 01_DPIA | C7: คลัง template แบบประเมิน | D7: Assessment template library | E7: Must | F7: มี | G7: =IFERROR(INDEX(WBS!$B$5:$B$279,MATCH($A7,WBS!$A$5:$A$279,0)),"-") -> DPIA | H7: =IFERROR(INDEX(WBS!$H$5:$H$279,MATCH($A7,WBS!$A$5:$A$279,0)),"-") -> P2 | I7: =IFERROR(INDEX(WBS!$U$5:$U$279,MATCH($A7,WBS!$A$5:$A$279,0)),0) -> 8.8 | J7: =IF(ISNUMBER(MATCH($A7,WBS!$A$5:$A$279,0)),"✓","✗") -> ✓
A8: DPIA-04 | B8: 01_DPIA | C8: อธิบายกิจกรรมโดยดึงข้อมูลจาก RoPA | D8: Processing description from RoPA | E8: Must | F8: มี | G8: =IFERROR(INDEX(WBS!$B$5:$B$279,MATCH($A8,WBS!$A$5:$A$279,0)),"-") -> DPIA | H8: =IFERROR(INDEX(WBS!$H$5:$H$279,MATCH($A8,WBS!$A$5:$A$279,0)),"-") -> P2 | I8: =IFERROR(INDEX(WBS!$U$5:$U$279,MATCH($A8,WBS!$A$5:$A$279,0)),0) -> 11.8 | J8: =IF(ISNUMBER(MATCH($A8,WBS!$A$5:$A$279,0)),"✓","✗") -> ✓
A9: DPIA-05 | B9: 01_DPIA | C9: ประเมินความจำเป็นและความได้สัดส่วน | D9: Necessity & proportionality | E9: Must | F9: มี | G9: =IFERROR(INDEX(WBS!$B$5:$B$279,MATCH($A9,WBS!$A$5:$A$279,0)),"-") -> DPIA | H9: =IFERROR(INDEX(WBS!$H$5:$H$279,MATCH($A9,WBS!$A$5:$A$279,0)),"-") -> P2 | I9: =IFERROR(INDEX(WBS!$U$5:$U$279,MATCH($A9,WBS!$A$5:$A$279,0)),0) -> 8.8 | J9: =IF(ISNUMBER(MATCH($A9,WBS!$A$5:$A$279,0)),"✓","✗") -> ✓
A10: DPIA-06 | B10: 01_DPIA | C10: ระบุและให้คะแนนความเสี่ยง | D10: Risk identification & scoring | E10: Must | F10: มี | G10: =IFERROR(INDEX(WBS!$B$5:$B$279,MATCH($A10,WBS!$A$5:$A$279,0)),"-") -> DPIA | H10: =IFERROR(INDEX(WBS!$H$5:$H$279,MATCH($A10,WBS!$A$5:$A$279,0)),"-") -> P2 | I10: =IFERROR(INDEX(WBS!$U$5:$U$279,MATCH($A10,WBS!$A$5:$A$279,0)),0) -> 16.7 | J10: =IF(ISNUMBER(MATCH($A10,WBS!$A$5:$A$279,0)),"✓","✗") -> ✓
A11: DPIA-07 | B11: 01_DPIA | C11: มาตรการลดความเสี่ยงและความเสี่ยงคงเหลือ | D11: Mitigation & residual risk | E11: Must | F11: มี | G11: =IFERROR(INDEX(WBS!$B$5:$B$279,MATCH($A11,WBS!$A$5:$A$279,0)),"-") -> DPIA | H11: =IFERROR(INDEX(WBS!$H$5:$H$279,MATCH($A11,WBS!$A$5:$A$279,0)),"-") -> P2 | I11: =IFERROR(INDEX(WBS!$U$5:$U$279,MATCH($A11,WBS!$A$5:$A$279,0)),0) -> 14.7 | J11: =IF(ISNUMBER(MATCH($A11,WBS!$A$5:$A$279,0)),"✓","✗") -> ✓
A12: DPIA-08 | B12: 01_DPIA | C12: เชื่อมทะเบียนความเสี่ยงและงานแก้ไข | D12: Link to risk register & tasks | E12: Should | F12: มี | G12: =IFERROR(INDEX(WBS!$B$5:$B$279,MATCH($A12,WBS!$A$5:$A$279,0)),"-") -> DPIA | H12: =IFERROR(INDEX(WBS!$H$5:$H$279,MATCH($A12,WBS!$A$5:$A$279,0)),"-") -> P3 | I12: =IFERROR(INDEX(WBS!$U$5:$U$279,MATCH($A12,WBS!$A$5:$A$279,0)),0) -> 5.9 | J12: =IF(ISNUMBER(MATCH($A12,WBS!$A$5:$A$279,0)),"✓","✗") -> ✓
A13: DPIA-09 | B13: 01_DPIA | C13: เชิญผู้ร่วมประเมิน | D13: Collaboration & invitations | E13: Must | F13: มี | G13: =IFERROR(INDEX(WBS!$B$5:$B$279,MATCH($A13,WBS!$A$5:$A$279,0)),"-") -> DPIA | H13: =IFERROR(INDEX(WBS!$H$5:$H$279,MATCH($A13,WBS!$A$5:$A$279,0)),"-") -> P2 | I13: =IFERROR(INDEX(WBS!$U$5:$U$279,MATCH($A13,WBS!$A$5:$A$279,0)),0) -> 16.7 | J13: =IF(ISNUMBER(MATCH($A13,WBS!$A$5:$A$279,0)),"✓","✗") -> ✓
A14: DPIA-10 | B14: 01_DPIA | C14: ความเห็น DPO และการอนุมัติ | D14: DPO opinion & sign-off | E14: Must | F14: มี | G14: =IFERROR(INDEX(WBS!$B$5:$B$279,MATCH($A14,WBS!$A$5:$A$279,0)),"-") -> DPIA | H14: =IFERROR(INDEX(WBS!$H$5:$H$279,MATCH($A14,WBS!$A$5:$A$279,0)),"-") -> P2 | I14: =IFERROR(INDEX(WBS!$U$5:$U$279,MATCH($A14,WBS!$A$5:$A$279,0)),0) -> 8.8 | J14: =IF(ISNUMBER(MATCH($A14,WBS!$A$5:$A$279,0)),"✓","✗") -> ✓
A15: DPIA-11 | B15: 01_DPIA | C15: บันทึกการปรึกษาผู้มีส่วนได้เสีย | D15: Stakeholder consultation log | E15: Should | F15: มีบางส่วน | G15: =IFERROR(INDEX(WBS!$B$5:$B$279,MATCH($A15,WBS!$A$5:$A$279,0)),"-") -> DPIA | H15: =IFERROR(INDEX(WBS!$H$5:$H$279,MATCH($A15,WBS!$A$5:$A$279,0)),"-") -> P3 | I15: =IFERROR(INDEX(WBS!$U$5:$U$279,MATCH($A15,WBS!$A$5:$A$279,0)),0) -> 8.8 | J15: =IF(ISNUMBER(MATCH($A15,WBS!$A$5:$A$279,0)),"✓","✗") -> ✓
A16: DPIA-12 | B16: 01_DPIA | C16: ทะเบียนและสถานะ DPIA | D16: DPIA register & status | E16: Must | F16: มี | G16: =IFERROR(INDEX(WBS!$B$5:$B$279,MATCH($A16,WBS!$A$5:$A$279,0)),"-") -> DPIA | H16: =IFERROR(INDEX(WBS!$H$5:$H$279,MATCH($A16,WBS!$A$5:$A$279,0)),"-") -> P2 | I16: =IFERROR(INDEX(WBS!$U$5:$U$279,MATCH($A16,WBS!$A$5:$A$279,0)),0) -> 13.8 | J16: =IF(ISNUMBER(MATCH($A16,WBS!$A$5:$A$279,0)),"✓","✗") -> ✓
... A247: DPX-13 | B247: 15_DPO_Ext | C247: เชื่อมระบบ HR / ITSM / SIEM | D247: HR, ITSM & SIEM connectors | E247: Should | F247: มี | G247: =IFERROR(INDEX(WBS!$B$5:$B$279,MATCH($A247,WBS!$A$5:$A$279,0)),"-") -> DPX | H247: =IFERROR(INDEX(WBS!$H$5:$H$279,MATCH($A247,WBS!$A$5:$A$279,0)),"-") -> P3 | I247: =IFERROR(INDEX(WBS!$U$5:$U$279,MATCH($A247,WBS!$A$5:$A$279,0)),0) -> 19.2 | J247: =IF(ISNUMBER(MATCH($A247,WBS!$A$5:$A$279,0)),"✓","✗") -> ✓

Sheet Architecture
A1: สถาปัตยกรรมที่เสนอ (SA): Next.js + Go
A2: Modular monolith ใน Go + Next.js 2 แอป | deploy ได้ทั้ง SaaS บน cloud ในไทยและ on-prem | แยกเป็น service ภายหลังได้ตามขอบเขตโมดูล
A44: 1) ส่วนประกอบและเทคโนโลยี
A45: ชั้น | B45: ส่วนประกอบ | C45: เทคโนโลยี (เสนอ) | D45: หน้าที่ / หมายเหตุ
A46: ผู้ใช้งาน | B46: Admin portal | C46: Next.js (App Router, React Server Components, TypeScript) + shadcn/ui + Tailwind + TanStack Query / Table | D46: หน้าจัดการทุกโมดูล เมนูและปุ่มตามสิทธิ์; BFF เก็บ session ฝั่ง server
A47: ผู้ใช้งาน | B47: Public portal | C47: Next.js แอปแยก + ISR/edge cache + custom domain ต่อ tenant | D47: Preference Center, ฟอร์มความยินยอม, ฟอร์มและพอร์ทัลคำขอใช้สิทธิ, หน้าประกาศ, แจ้งเหตุ, พอร์ทัล guest
A48: ผู้ใช้งาน | B48: Cookie & consent SDK | C48: Vanilla TypeScript (Vite/Rollup) ขนาดไม่เกิน 30 KB gzip ผ่าน CDN; Google Consent Mode v2, GTM | D48: แบนเนอร์ บล็อกสคริปต์ widget ความยินยอม และแสดงประกาศบนเว็บลูกค้า
A49: ผู้ใช้งาน | B49: Mobile SDK | C49: Swift / Kotlin หรือ Flutter / React Native wrapper | D49: ความยินยอมในแอป (P3) — อาจจ้างทีม mobile ภายนอก
A50: Edge | B50: CDN + WAF + Ingress | C50: CDN + WAF + Kubernetes Ingress / Gateway API | D50: ส่ง SDK และ config แบนเนอร์, กันการโจมตี, TLS
A51: Backend | B51: Go API (modular monolith) | C51: Go + chi + oapi-codegen (OpenAPI 3.1) + pgx + sqlc + goose | D51: API ของทุกโมดูล แยก package ตาม bounded context; deploy แยก profile ได้ เช่น consent-api สำหรับโหลดสูง
A52: Backend | B52: Worker | C52: Go + River (job queue บน PostgreSQL) + periodic jobs | D52: SLA timer, แจ้งเตือน, export/import, ความยินยอมหมดอายุ, webhook, retention
A53: Backend | B53: Cookie scanner | C53: Go + chromedp (headless Chromium) แยก worker pool | D53: สแกนเว็บไซต์ลูกค้าตามรอบ
A54: Backend | B54: Document service | C54: Gotenberg (Chromium/LibreOffice) + ฟอนต์ไทย (Sarabun / Noto Sans Thai) + excelize | D54: PDF / DOCX / Excel ของประกาศ สัญญา แบบแจ้ง และรายงาน
A55: Identity | B55: Keycloak | C55: OIDC/SAML, MFA, brute-force detection, LDAP/AD federation, identity brokering | D55: login, SSO, MFA, ThaID (ผ่าน OIDC broker), service account; หน้า login TH/EN ทำ theme ด้วย Keycloakify
A56: Identity | B56: Authorization | C56: Go authorization module (RBAC + data scope + record rule) + PostgreSQL RLS | D56: ตรวจสิทธิ์ทุก endpoint (x-permission), กรองข้อมูลตามหน่วยงาน, แยก tenant
... A69: Ops | B69: Testing | C69: go test + testcontainers-go, Vitest, Playwright, k6, OWASP ZAP | D69: unit, integration, contract, E2E, load, DAST
A71: 2) การตัดสินใจทางสถาปัตยกรรม (ADR)
A72: ID | B72: หัวข้อ | C72: ทางเลือกที่เสนอ | D72: ทางเลือกอื่นที่พิจารณา | E72: เหตุผล
A73: ADR-01 | B73: รูปแบบสถาปัตยกรรม | C73: Go modular monolith + worker แยก binary | D73: Microservices ตั้งแต่ต้น | E73: ทีมขนาดกลางและต้องติดตั้ง on-prem ง่าย; แยก service ภายหลังได้ตามขอบเขตโมดูล (เช่น consent-api)
A74: ADR-02 | B74: Frontend | C74: Next.js App Router 2 แอป (admin + portal) ใน monorepo Turborepo + pnpm | D74: SPA (Vite + React) แยกจาก API | E74: SSR/ISR สำหรับหน้า public, BFF เก็บ token ฝั่ง server, ใช้ UI kit และ api-client ร่วมกัน
A75: ADR-03 | B75: สัญญา API | C75: OpenAPI-first: oapi-codegen (Go) + openapi-typescript (TS) | D75: gRPC / Connect, GraphQL | E75: public API และ SDK ต้องเป็น REST อยู่แล้ว; generate type ทั้งสองฝั่ง; ใส่ x-permission ใน spec เพื่อตรวจสิทธิ์อัตโนมัติ
A76: ADR-04 | B76: การเข้าถึงข้อมูล | C76: pgx + sqlc + goose | D76: GORM, ent | E76: SQL ชัดเจน คุม performance และ RLS ได้ และ type-safe
A77: ADR-05 | B77: Multi-tenancy | C77: Shared DB + tenant_id + PostgreSQL RLS; ทางเลือก DB แยกต่อ tenant | D77: schema ต่อ tenant | E77: RLS กันพลาดที่ระดับฐานข้อมูล; ลูกค้าใหญ่/on-prem ใช้ DB แยกด้วยโค้ดเดียวกัน
A78: ADR-06 | B78: Authentication | C78: Keycloak | D78: เขียนเองใน Go, Zitadel, บริการ SaaS (Auth0 / Entra External ID) | E78: SAML/OIDC/LDAP/MFA/brute-force พร้อมใช้ ลดความเสี่ยงด้านความปลอดภัย ติดตั้ง on-prem ได้; ต้องมีทักษะดูแล Keycloak (PoC ใน T13)
A79: ADR-07 | B79: Authorization | C79: เขียนเองใน Go: RBAC + data scope + record rule, cache ใน Valkey | D79: OPA, Casbin, OpenFGA, Cerbos | E79: โมเดลสิทธิ์ผูกกับโครงสร้างองค์กรและโมดูล; เร็วและทดสอบง่าย; พิจารณา OpenFGA ถ้าต้องแชร์ราย record ซับซ้อน
A80: ADR-08 | B80: Job และ workflow | C80: River + state machine ของเราเอง | D80: Temporal, Asynq, Kafka | E80: ใช้ PostgreSQL ที่มีอยู่ enqueue ใน transaction เดียวกับข้อมูล ไม่ต้องเพิ่ม infra; workflow ของงาน PDPA ไม่ซับซ้อนถึงขั้นต้องใช้ Temporal
A81: ADR-09 | B81: เอกสาร PDF / Word | C81: Gotenberg + template HTML/DOCX + ฟอนต์ไทย | D81: ไลบรารี commercial (เช่น UniDoc) | E81: open source และแสดงภาษาไทยถูกต้อง; ตรวจ license ไลบรารี DOCX
A82: ADR-10 | B82: Editor ของประกาศและสัญญา | C82: TipTap (ProseMirror) เก็บเป็น JSON | D82: Lexical, CKEditor | E82: รองรับ custom node สำหรับ clause และ merge field; ตรวจส่วนขยายที่มี license แยก
A83: ADR-11 | B83: Cookie SDK | C83: Vanilla TypeScript ไม่มี framework | D83: React / Preact widget | E83: ต้องเล็กและไม่ชนกับเว็บของลูกค้า
... A86: ADR-14 | B86: AI | C86: AI gateway กลาง + human-in-the-loop + ปกปิด PII | D86: เรียก LLM ตรงจากแต่ละโมดูล | E86: คุมความเสี่ยงข้อมูลรั่วและค่าใช้จ่ายในจุดเดียว รองรับ LLM on-prem
A88: 3) Epic → Go package / ตารางหลัก / API / หน้าจอ Next.js
A89: Epic | B89: Go package | C89: ตารางหลัก (PostgreSQL) | D89: API prefix | E89: หน้าจอ Next.js | F89: บริการกลางที่ใช้
A90: PLT | B90: internal/platform/{tenant,workflow,forms,docs,files,jobs,events,audit,crypto,notify,report,importer,search,ai} | C90: tenants, workflow_*, form_*, documents, files, river_job, outbox, audit_log | D90: /v1/platform/* | E90: admin: /settings/* | F90: -
A91: IAM | B91: internal/iam | C91: users, roles, role_permissions, role_assignments, scopes, groups, api_clients, guest_tokens | D91: /v1/iam/* | E91: admin: /admin/users, /admin/roles; portal: /auth/* | F91: Keycloak, Valkey, audit
A92: ORG | B92: internal/org | C92: legal_entities, org_units (ltree), external_parties, master_*, calendars | D92: /v1/org/* | E92: admin: /org/* | F92: importer, audit
A93: CON | B93: internal/consent, internal/cookie | C93: purposes, data_elements, purpose_preferences, collection_points, consent_transactions (partition), data_subjects, domains, cookies, scans | D93: /v1/consent/*, /v1/cookie/*, public /p/v1/consent/* | E93: admin: /consent/*, /cookies/*; portal: /preferences, /c/[id]; SDK | F93: forms, events, crypto, notify, scanner
A94: PNG | B94: internal/notice | C94: notices, notice_versions, notice_acks, indirect_collections | D94: /v1/notices/* | E94: admin: /notices/*; portal: /notice/[slug] | F94: docs, workflow, events
A95: ROPA | B95: internal/ropa | C95: processing_activities, data_inventory, assets, recipients, transfers, retention_rules | D95: /v1/ropa/* | E95: admin: /ropa/* | F95: forms, importer, report, events
A96: RTG | B96: internal/ropa/templates | C96: activity_templates, template_versions, template_sets | D96: /v1/ropa/templates/* | E96: admin: /ropa/templates/* | F96: ropa, ai
A97: DFG | B97: internal/dataflow | C97: flow_layouts, flow_snapshots, discovery_scans, discovery_findings | D97: /v1/dataflow/* | E97: admin: /data-flow/* (React Flow) | F97: events, connectors
A98: DSAR | B98: internal/dsar | C98: requests, request_subtasks, verifications, packages, rejections | D98: /v1/dsar/*, public /p/v1/dsar/* | E98: admin: /requests/*; portal: /request, /request/status | F98: workflow, forms, docs, files, connectors
A99: BRE | B99: internal/breach | C99: incidents, incident_assessments, notifications, evidence, playbooks | D99: /v1/breach/*, public /p/v1/breach/* | E99: admin: /incidents/*; portal: /report-incident | F99: workflow, forms, docs, notify
A100: DPO | B100: internal/dpo | C100: dpo_profiles, tasks, advisories, kb_articles | D100: /v1/dpo/* | E100: admin: /dpo/*, /dashboard | F100: workflow, report
... A106: DPX | B106: internal/governance | C106: courses, attempts, attestations, audits, findings, retention_jobs, regulator_letters, ai_systems | D106: /v1/governance/* | E106: admin: /governance/*; portal: /learn | F106: forms, workflow, ai, connectors
A108: 4) โครงสร้าง repository (monorepo)
A109: # | B109: Path | C109: เนื้อหา
A110: 1 | B110: apps/admin | C110: Next.js admin portal
A111: 2 | B111: apps/portal | C111: Next.js public portal (multi-tenant, custom domain)
A112: 3 | B112: packages/ui | C112: Design system: shadcn/ui + Tailwind + Radix
A113: 4 | B113: packages/api-client | C113: TypeScript client + TanStack Query hooks ที่ generate จาก OpenAPI
A114: 5 | B114: packages/i18n | C114: ข้อความ TH/EN (next-intl)
A115: 6 | B115: packages/form-renderer | C115: renderer ของ form engine ใช้ร่วม admin และ portal
A116: 7 | B116: packages/cookie-sdk | C116: SDK แบนเนอร์และความยินยอม (vanilla TypeScript)
A117: 8 | B117: backend/cmd/{api,worker,scanner,migrate} | C117: Go binaries
A118: 9 | B118: backend/internal/<module> | C118: โค้ดแต่ละโมดูล: handler, service, repository (sqlc), events
A119: 10 | B119: backend/internal/platform/* | C119: บริการกลาง
A120: 11 | B120: api/openapi/*.yaml | C120: สัญญา API (source of truth) + x-permission
A121: 12 | B121: deploy/helm, deploy/compose | C121: Helm chart (SaaS / on-prem) และ Docker Compose
... A123: 14 | B123: tests/e2e, tests/load | C123: Playwright และ k6

Sheet Risks
A1: ความเสี่ยงของโครงการ (PM)
A2: คะแนน = โอกาส × ผลกระทบ (1-3) | ≥6 สูง, 4 กลาง, ≤3 ต่ำ
A4: ID | B4: ความเสี่ยง | C4: โอกาส (1-3) | D4: ผลกระทบ (1-3) | E4: คะแนน | F4: แนวทางลดความเสี่ยง | G4: ผู้รับผิดชอบ
A5: R01 | B5: ขอบเขตใหญ่ (15 โมดูล 243 ฟังก์ชัน + บริการกลาง) เสี่ยง scope creep และ MVP ช้า | C5: 3 | D5: 3 | E5: =C5*D5 -> 9 | F5: ล็อก MVP เฉพาะ P1, change control, backlog ที่ลูกค้า sign-off, ทบทวน scope ทุกสิ้น phase | G5: PM
A6: R02 | B6: ประกาศ สคส. ใหม่หรือการตีความเปลี่ยนระหว่างพัฒนา | C6: 2 | D6: 3 | E6: =C6*D6 -> 6 | F6: แยกเนื้อหากฎหมายเป็น template / config, legal review ทุก phase (T30, T37) | G6: PM / Legal
A7: R03 | B7: หาทีม Go และ Next.js ที่มีประสบการณ์ในไทยได้ยากหรือช้า | C7: 3 | D7: 2 | E7: =C7*D7 -> 6 | F7: จ้าง tech lead ทั้งสองฝั่งก่อน P0, code template และ pair programming, อบรมทีมจาก .NET | G7: PM
A8: R04 | B8: เขียนระบบ Consent เดิม (.NET) ใหม่ด้วย Go แล้ว business rule ตกหล่น | C8: 2 | D8: 3 | E8: =C8*D8 -> 6 | F8: T03 สกัด rule และ test case จาก FSD V3.2, ใช้ test case เดิมเป็น regression, reconcile ข้อมูลหลังย้าย (T26) | G8: SA
A9: R05 | B9: Integration กับระบบลูกค้า (POS, CRM, LINE, SSO) ช้ากว่าแผน | C9: 3 | D9: 2 | E9: =C9*D9 -> 6 | F9: ตกลง API contract ตั้งแต่ P0-P1, ใช้ mock / sandbox, มีผู้รับผิดชอบฝั่งลูกค้า | G9: SA
A10: R06 | B10: ประสิทธิภาพ Consent API และ SDK เมื่อปริมาณธุรกรรมสูง (ค้าปลีก) | C10: 2 | D10: 3 | E10: =C10*D10 -> 6 | F10: load test (T22), cache ใน Valkey + CDN, partition ตาราง, deploy profile consent-api แยก | G10: SA / DevOps
A11: R07 | B11: ระบบเป็นเป้าโจมตีเพราะเก็บ PII จำนวนมาก | C11: 2 | D11: 3 | E11: =C11*D11 -> 6 | F11: field encryption, least privilege, threat model (T14), pentest (T24), hardening (T20) | G11: Security
A12: R08 | B12: Keycloak: ความซับซ้อนของ multi-tenant, theme และการอัปเกรด | C12: 2 | D12: 2 | E12: =C12*D12 -> 4 | F12: PoC ใน T13, ตรึงเวอร์ชัน, runbook อัปเกรด, ทดสอบ SSO ทุก release | G12: SA / DevOps
A13: R09 | B13: การเชื่อม ThaID / NDID ต้องขึ้นทะเบียนและรออนุมัติ | C13: 2 | D13: 2 | E13: =C13*D13 -> 4 | F13: เริ่มประสานใน P0, ระหว่างรอใช้ OTP / SSO องค์กร | G13: PM
A14: R10 | B14: ภาษาไทย: ค้นหา OCR และตรวจจับ PII แม่นยำไม่พอ | C14: 2 | D14: 2 | E14: =C14*D14 -> 4 | F14: PoC (T13), pg_trgm, ให้คนยืนยันผลเสมอ, วัดค่าความแม่นยำก่อนเปิดใช้ | G14: SA
A15: R11 | B15: License ของ open source (MinIO, ไลบรารี DOCX, ส่วนขยาย TipTap, Grafana stack) ไม่เหมาะกับการขาย on-prem | C15: 2 | D15: 2 | E15: =C15*D15 -> 4 | F15: ตรวจ license ใน T04 และเลือกตัวทดแทนที่ license เหมาะสม | G15: SA
A16: R12 | B16: AI ให้คำตอบผิดหรือทำข้อมูลรั่ว และค่าใช้จ่ายบานปลาย | C16: 2 | D16: 2 | E16: =C16*D16 -> 4 | F16: AI gateway ปกปิด PII, human-in-the-loop, โควตาต่อ tenant, ประเมินคุณภาพ (T45) | G16: SA
... A20: R16 | B20: พึ่งพาคนสำคัญ (SA / tech lead) | C20: 2 | D20: 2 | E20: =C20*D20 -> 4 | F20: เอกสาร SAD / ERD / ADR, code review, หมุนเวียนความรับผิดชอบ | G20: PM
